user_id,0,1,2,3,4,5,6,7,8,9,10,11,12,13,14,15,16,17,18,19,20,21,22,23,24,25,26,27,28,29,30,31,32,33,34,35,36,37,38,39,40,41,42,43,44,45,46,47,48,49,50,51,52,53,54,55,56,57,58,59,60,61,62,63,64,65,66,67,68,69,70,71,72,73,74,75,76,77,78,79,80,81,82,83,84,85,86,87,88,89,90,91,92,93,94,95,96,97,98,99,100,101,102,103,104,105,106,107,108,109,110,111,112,113,114,115,116,117,118,119,120,121,122,123,124,125,126,127,128,129,130,131,132,133,134,135,136,137,138,139,140,141,142,143,144,145,146,147,148,149,150,151,152,153,154,155,156,157,158,159,160,161,162,163,164,165,166,167,168,169,170,171,172,173,174,175,176,177,178,179,180,181,182,183,184,185,186,187,188,189,190,191,192,193,194,195,196,197,198,199,200,201,202,203,204,205,206,207,208,209,210,211,212,213,214,215,216,217,218,219,220,221,222,223,224,225,226,227,228,229,230,231,232,233,234,235,236,237,238,239,240,241,242,243,244,245,246,247,248,249,250,251,252,253,254,255,256,257,258,259,260,261,262,263,264,265,266,267,268,269,270,271,272,273,274,275,276,277,278,279,280,281,282,283,284,285,286,287,288,289,290,291,292,293,294,295,296,297,298,299,300,301,302,303,304,305,306,307,308,309,310,311,312,313,314,315,316,317,318,319,320,321,322,323,324,325,326,327,328,329,330,331,332,333,334,335,336,337,338,339,340,341,342,343,344,345,346,347,348,349,350,351,352,353,354,355,356,357,358,359,360,361,362,363,364,365,366,367,368,369,370,371,372,373,374,375,376,377,378,379,380,381,382,383,384,385,386,387,388,389,390,391,392,393,394,395,396,397,398,399
100,,,,20,,,,,77,79,,,,,8,,,,,,,,99,,,,,,,79,76,,99,,,,,,87,,,,,92,,,,,,,98,,,76,,82,,,,,90,,,,,,,,87,,,,,81,,,,80,,73,,98,79,,,,,,25,,,,,,,,,85,44,90,,,90,,91,,,,6,,,,75,58,,,,,75,,,,,,,,,88,,,,,,,,,98,,,79,,,,27,79,,,,85,,,,,70,,,,,,,,,,14,,,,,75,39,,,,22,,46,,76,70,,,,,,,,,,82,,,,,,48,,37,,,,,,,89,,,,,,79,,71,75,,,72,45,79,,,,,,,,,95,,,,,92,,,,77,,,40,,,80,,,,,,,,,,,,,,,,,,,,78,,,,,,,,,,,,,,22,96,,,,72,85,,,,,91,86,,,,,,45,72,,3,,,,,,,,,,,,,72,,74,97,,,,85,56,,,,,77,,,,,,,,,66,,,,,27,,,,71,,,,88,,,,,,,3,,,46,83,,,,,,,,,,,89,,87,,,82,,,98,,,,,,86,,,,,,,,,99,,,,76,81,,,,46,
101,,,,,,,,,94,73,,,,,,98,,,49,,,,,,,,,,,2,94,,,,,,,,,,,,33,,,,,,,,,,,,,,93,,22,,94,,,,,,,,90,,,,,12,,,21,,,,,,86,,,,,,,,,,,,,,,87,4,97,,,,,85,,,,,79,91,,,,,,,,79,,,97,,,,,,35,99,,,,,,,,74,,,87,,,,,96,,83,,,,,,,,,,,,,,,,,,,92,,80,83,,,,,,,,,70,98,,90,,98,,,,,,85,,,,,,,72,58,,,,,,16,99,,,,,,90,,92,97,76,,,,86,,,96,94,,,86,94,,,,,,,,,,,,,48,,,97,,,,,,,,,,,,,,,56,,,,,,,,,,,,,,,,,,,,90,62,,76,,92,,,,,96,,,79,,,,80,,,,,,37,78,,,,,12,,,,,,,82,,,94,,,,74,,,89,,,,,,93,,,,63,,44,,,,,,,,,,,,,77,,,,,,,,,,,86,,,,,,,,97,,,,,85,,57,,,,90,,,,,,,,,45,,12,84,,,,,,,,,,
102,,,,,,,,,,,,,,,,,,,,,,,,,,,,72,,,,,,,61,,,,78,,,79,,,,,,,,,71,,17,,,91,74,,,,,,91,,,79,,,,,,90,,,55,,,7,,,,,84,,,,,,,,3,,,,,,,96,,96,,,,,,,,,,,,,96,,,73,41,,75,,,,,,,,,,,85,,33,,,,,91,,,,,23,71,,,63,97,,,,92,90,,,,,,,,,,,,29,,,,83,89,,,,,,22,,,,,99,,,70,23,,,,,,,,,,,,91,32,,,52,,,70,86,91,,96,,,71,,89,,,28,,,93,,86,96,,,,,82,81,,,,,,,,94,,82,,65,,,,,,,,,,,,,,,,,,,,,,,,,,,,,,,,,,,,,,87,,,48,,,,,,,72,,,,5,,,,,,,,,,,,,,,,,,,,,,99,,,,,,,,,,,95,95,,,,,,,,,,,,,,,,,,,,,,,,80,,,,,,,,,,,,72,,,,,,87,,,86,,,85,,,,,,,,77,,,,,,,,,97,20,,,85,77,,,,,
103,,,,,,,,,,,75,,,,,,,,,,,,,,,,,,,,,,,2,,,,21,88,,,90,,77,,,,,,,,,,,,,,,,,80,,73,,,,50,,,60,,99,,,,,,,,89,,,,,,,,,,,,,,,,4,,,,78,,,,,,,,,,,86,,82,,,,,,86,,,,16,,,83,,,88,67,74,,,,,,,,,87,70,,94,,83,17,,,95,61,92,,,,,,,,,16,,,89,,,,,,,,,88,,12,,,,,,,,,,,,,,,79,,,3,57,,,72,,,,,,,,,,,82,,,,13,91,71,,,,,99,,46,,88,,2,96,,84,,,,,,,74,,,,,,,,94,,,,,,,,,,,,,,,,,,,,71,,,,24,,,,,81,,,,,,,,,,,85,,,,,,,,,,,74,,33,,,,,,,,,,,,,,,,,,74,34,,88,85,,,,,,97,,99,,,,88,,,,6,,,,,88,,,82,,,,,,,91,94,,,,,,,76,,,98,,,,,,,,79,,,,,,71,,,42,,,,85,95,,,,,,,1,,,,59,,90,,,,,,
104,,,74,,,,,,,,90,,,,,79,,,,,82,,21,27,77,,,,,85,,,86,,,,,,70,,,,,82,,,30,,,,,,,94,,,99,,,,71,70,,,,,68,,,,,,,,,,,10,,81,,,,,,,,,,,,,98,,,,,99,,,,,,,,,,,,,98,,91,,,,,,,,,,,,,72,76,,79,,,,,,,38,78,,,,,,98,,76,,,,96,,,,,90,,,,,,,,,,,,,,92,,,,,,,,,,,,,,28,,,,,,,,,,,,,,,,,,,,,,82,,,88,,,77,,,,,,,,,,,79,93,,,,,,,42,,,,,72,,,,,,,,,,,,,,,89,,,,,,,,,,,,,,,,,,,,,,73,,,,,,,,,,94,,,,,,,97,,,,,,,,,,,,,,,59,,,,,,,,,,73,,,,,,,,,93,95,,90,,,,88,,,,,,,,,,,,91,,96,97,,,,99,,,,,,,,,,,71,,,,,,,,,22,,,73,,,,,,,,,88,93,,,,,,,,,,,,,91,,,,,,
105,,,,,,,,,95,84,86,,,,,79,,,,,86,,,,84,,61,93,,,73,,,,,,,,79,,,,,,,,,30,,6,75,,,72,,99,,,,,,,,,,,,,89,,,89,,,,,,,49,96,20,,92,,,,,,,,,,,,,,,,,,70,,,,72,,,,,,,,,,,99,,,,,,,58,,,,95,,73,12,,,,,71,44,,,,76,85,,,,,,,,,,,,,86,62,,,,,,,,88,,,,,,,,,,,,,,,73,,,,,,,73,,,,,,,,,,,,,97,,,,63,,,,72,71,,10,,79,94,84,,,,,71,,,91,83,,,75,78,,,,,,,,,,79,,,,,,80,,,,,,,88,,,77,,13,,42,,,,,68,,,,,,,,,,,,,,,,,,,,70,,,,,,77,98,,,,,,49,,,,,40,28,79,,,,,,,,,,90,96,,,,,90,,,,,,74,,75,,,,94,,45,,,,,73,,,,,81,,78,95,,36,,83,,,,14,,,,85,17,,,,72,,83,,,,,77,,49,,,71,,,,,94,,,,,,,,,,,,,,,,82,71,,,,,
106,,,,,,,,,99,,81,,,,,88,,,,,,,,,,,,,,,87,3,,,,,,16,87,,,,,99,,,,,,,99,,,,69,87,81,78,,,,88,73,,,,52,,,,55,,,,,,,,,91,,73,83,,,,,,,,,,,68,,,,86,,,,,,,87,,,,,91,91,,,,,88,,,93,,,,,,7,78,,,98,,,,45,,70,,86,,,,,55,76,,98,,,66,,,91,81,,,,99,,,,,,,,88,,,,91,75,,,,,,,,,,,,,,74,,,,,,,,,,,,13,93,31,,,,,,,79,,,,,,,,,,55,,,,98,,,,82,,,87,77,83,,,75,,,,87,,,,,,,,88,,,,,,,82,62,,,,,,,,,,,,,,47,,,,,,,76,40,,,,,78,,,,96,,,,,,86,,,,,,,88,,,,,,3,,,,,,,,,,88,84,89,95,,,77,96,,,,,,79,,72,,,,79,,,,,,,,,,,,,9,87,82,,,,70,92,99,,,,,,,,,,,80,,,,,,97,,2,,,98,,,,,,94,,,81,,,,,67,,,,86,,,,77,88,,,,,
107,,,,80,,,,,96,91,,,63,,,83,,,,,,49,,,78,,,,,42,,,70,,,,,,83,,,,,,,,,,,,76,,,72,,,,,89,,,,,,,,,,,,,73,,,,59,,53,,77,,,,,,,,,,,,,,,,,,99,25,,,,,,74,,,81,,,96,,92,,,95,,,,,,,,,,71,,,,,,,,,73,,,,,,80,,,,75,,86,,,,89,,,,,,,,,84,30,,85,,,,,,,,,,,,,,,91,83,,,,,,,,,,72,,,,,,,,,,,,69,,,95,,,,,,,,81,,,,,,,,,90,74,,,92,,,63,,,,15,,,,,16,,,,,,,,,,,,,,,,,,,,,,,,,,,,,,79,,,,89,,,,,,73,,,,,,,,38,,90,83,24,,,87,,,,,,,,,91,,,,,96,,,,,76,89,,,,82,84,,,71,,,,,87,,,24,81,,,,,92,,74,,,,,,,93,,,84,,,87,,,,,,,98,4,,90,,,,,,,,95,,53,,,82,,,,18,,80,,,94,,,,,,,,,90,,,,,86,,,,,
108,69,,,,,,,,93,,,65,,,25,,,,,74,,,,,85,,,92,,,90,,70,,,,,,,,,,,85,,,,,,,,,,,,99,79,,,,76,92,84,,,,,,94,,,,,,,,8,,,99,12,,,,,,,,,65,,,,,,,,98,,,,,92,,81,35,,,,74,,,,,,90,,,73,,,,33,,,,84,,93,,,,,,99,,,,7,,78,,,,71,,,,,,,77,58,81,,,,,,,,,95,,,41,,,79,,,,,,,,97,,89,,97,,,,,,,32,79,,,,,,,89,,,,,,,,,,,,,,,,,,,,,,,,,89,,,,95,,,,,,42,,,,,94,,,,,,74,,,,,,,,,92,,,,,,,,,,,,,91,,,80,,,,86,,,,,,78,,,,78,,,,,,,79,90,,,,,,,,,,,,72,61,,,,,,,,,,87,,,,,,,,,,,,23,,,,,79,,,,,,,23,,84,,,92,,75,,,,,91,87,,,,,,,88,,,,,79,,93,,,,,,,98,,,75,,,42,,,,,,,2,,,51,9,,,94,,,,,,69,,,,18
109,,,72,,,,,,,,,,,,,,,,,,87,,,,,,,88,,,,,95,,,,,,,17,,,,,14,,,,,,,,,90,,,95,82,,,,,74,,,,,,74,,,96,,,,,,,,,,87,75,62,,,,,,,,,,,,,,,,88,,,,69,91,68,27,89,,,87,,,,,71,,22,,,,,60,,,,,,73,,,,,,,30,,,,92,,11,,,97,,,,87,,72,81,,,,,,,,,,,72,,,,,,75,,,71,,2,,,,,73,,81,,,,,,,,,,,,57,,,90,,,,,,,,,,,78,,,99,,,,,,,,77,,1,74,96,,,83,,76,,,,4,,,86,,,,,,34,,,,,,,,,,,,,,,,,,,,,,,,,,,,,,,,,,,,,,,,,70,82,,,,,72,76,,,15,,,,,,,,,,71,,,,,,,,,99,,,90,,49,,,26,,,,,,,97,,,23,,,,,,6,,85,66,73,,48,77,,,99,,,,,,,63,,,,,,68,,,,86,,,,,,92,,,,,95,,,,,,70,,,80,,73,,,,85,,,,,,,79,98,,,,,
110,,,,,68,83,53,,,87,85,66,,,,,,,,,,,,,97,,93,95,,64,,,75,,,,30,,,,,,,,,,,,64,,,,,95,,75,,,,,77,,,,,,,,74,,,75,,,,,,,,97,,,,,,,93,,,,,,,,,,,99,,,,,,,92,,,,,82,90,,,73,,90,,,,9,,24,,,,84,85,,87,,,,,,73,,83,,,,,50,,,73,,,,,,,,,73,,,,,,,,,,,,,,,78,,,,64,,22,13,,99,76,,,,96,,,,32,,,,,,77,,,84,,,,,,,,78,,57,91,,,89,,95,83,,47,,,,,,78,97,,,,82,,,,,,,,,,,,,,,,72,,,30,,,,,,,,,74,,60,,59,41,,,,,41,,69,,,,,78,,,,,,82,,,,96,77,25,72,,,96,,,,,,,,,,,,46,,,,,,,,,,,87,99,77,91,,,70,74,,,,,,,,99,,,,,,,,,,25,,,94,,,,,94,,29,,,96,,66,,,,,,87,,,73,41,,,,,,,91,,,,,91,99,,60,,,,,,82,,,,,,6,2,,71,,,,,,,47,,,
111,,,,,,,,,,,,,,,,74,62,,,,78,,100,,,,,,,,,27,83,,,,,,71,,,,,,,,,,,,96,30,,,,94,99,,,,79,91,,,,,,,,,53,91,69,,,,,,,,,93,,,,,,,,,,,,,,,,,,,,,,,71,,,,22,,99,,73,,,,,,,,,,42,,,,,,91,,,,21,,,,,,,,,,,,,,83,,,14,79,87,,,,,,,,,,,,,,14,31,77,83,,,,,,,,,,,,,,,,,,,,76,,,,,,,88,1,,,,,,,,,,,,,,,94,,,,,,77,,,,91,,,74,,83,,,,,,,,,99,,,,,,,,65,,,,,95,,,,,,,,54,,,,,,,,,,75,,,,,,,,14,,98,,83,,75,,,,,,,75,,,,,,,,81,,,,,,,,,6,,,95,,,,,82,,,75,99,,,,,8,,,,,,,,,,,,,7,,,,,,95,,93,,,9,,99,84,27,,,,74,,80,45,,98,,75,,,4,23,,,,,,,,92,62,,88,,,74,71,98,,,,,,,,,91,,,,,74,,,,,
112,,,,,,,,,85,,,,,,,,,,,,,,,,,,,74,,,,,92,,,,,,91,,,,,91,,,,,,,,,,91,,,82,,,,,,,,45,,,,76,,28,,,,,,,,,92,,,72,6,,,,,,95,,73,,,16,,,,,94,,63,,,97,,,,,73,,,90,,99,98,,,93,,,,,,76,94,78,38,84,,,,95,,93,,,,,75,,,,,,,,65,90,,89,71,,91,18,64,,,,,,98,,53,73,,,,99,,,,,,,,,,,,,,81,,,,,71,,,,,38,,,70,,,,,,,,,,,,,,74,,71,,,,,,,,,95,87,,,87,82,77,,,,,46,,88,,,,,,,,99,,94,,,,,98,,,,,,36,,,,,,,,,,,,,,,,87,,,,,64,,,,4,73,84,,53,,,,,17,,,,,,,,,,,,81,,,,,,,,,97,,,,,,77,,,,,,36,73,,82,,,,86,28,,,60,,,,,87,,,,,,,16,,,,98,,,,48,,,70,,,,,94,,,84,,35,,,,,,77,94,,,,,,,,,,,,,,,,,83,,,,,98,,,,25,
113,,,,,,,,,70,74,,,,,,,,,,,72,,,,87,,,,,,87,,,,,,,,72,,,92,,,,,,50,,,98,,69,,,88,86,,,,,76,87,,,,,,,,,,,,,,,,,,,73,83,,,,,,,,,,,,,,,95,,,,,,,78,,,,,92,70,,,,,,,,77,,,,,,,,77,,,52,,,,,74,,91,,,84,79,,,,80,39,86,,,,73,99,,,,,,,,,,,,,,,,86,,,,,,,,,,,,,89,,81,,20,,,,78,,,,,,,,,,,,,,,,,,,,,,,,,,82,,,,,,87,84,90,,76,85,70,,,38,,,,78,,71,,,,,,83,,,,30,,,97,,,,,,,,,,,,,,,64,,,,,,,,,,,72,,94,,,46,75,,,,,,87,70,,,,80,,,,,33,34,,,,,,,28,,,,,,,,90,,,80,96,,,,,,,,76,,,,,,,,,,59,,,,,,82,87,,70,,,,71,80,,,,,,,,,,,38,,,,,,,,,,,,,,,,,,,,16,80,,,,,,,,,71,,46,49,86,78,,,,,
114,,,,,,,,,,,,,,,,,,,,,,,,,99,,,,,,94,,,,,,,,,,,,61,81,,,,14,,,85,,,,,,,,,,,,,,,,,59,72,37,,,,,,,,23,,90,,,,,,,,,,,,,,,,95,,,,,,,,69,89,,66,,,,92,,,,,,,11,80,,,,1,34,,,,,74,,,,,,97,,82,,,,89,,,,,,97,,,,,,,,,,,,,,,,,,,,,94,94,,,,,,,,74,75,,,,,,,,,,,70,95,,,32,,,,,,9,,,,,98,,,,,,,,99,98,,,,,,,,81,,,,92,,96,,,,,,,95,,,,,,,,,,,,,,,,,,,,,,,,,,,70,,,,30,,,,47,,96,,,84,,,98,,,39,97,80,,,,,72,,,,15,,,62,,,,,,,96,,,,,,,69,,74,,,,,79,,,,,98,,,,12,89,,,,,,,,,21,,,,97,,,81,,,85,,,,98,,,,,,,70,95,83,,,,,,,,,,75,,,,,99,79,,40,,,95,,,87,,,11,,,,,,,,,,,87,,,18,,
115,,,,,,,,,98,,,,,,,90,,,1,,80,,,,82,,,73,,,96,,84,,,,,,99,,,,,99,,,,,,21,85,,,78,,,,,,,,,,,,,,,,91,29,,,,,,,,,94,,95,96,,,,55,,,,,,,,,,,90,,,,,,,,44,,,,,85,,89,,,,,47,,,,,,,,,90,,87,,,,,,,,,,96,,99,,97,81,88,,,,,,95,,24,96,,,,,,,,,,,,,,,,,,,,,,,,72,80,,,,74,,,46,,,71,,,,,,,73,,,,,,,,,,64,82,,,86,,88,96,,,,,,,,75,,,,,71,77,,,,37,,52,,,70,,,,,,,,,,,,,73,,,,17,,,,,,,,,,,,,,,,,,,82,,,,,,,7,,93,89,,,84,,,79,,,,,,,,,84,,,9,,,,,,87,,,,81,96,,93,,,74,82,,,,,,,,,,,25,,,,37,,,,58,,,,,,,96,,,57,,99,,,,,,,,,,23,,,,,,,,,81,,,,,,91,2,,,,72,,,79,,,,,,,,,,,,,77,,,54,,,
116,,,,,,,,,,,91,25,,,33,,,13,,,,,,,97,,51,,,,93,,74,,,89,,9,,,,,,,,,61,,,,81,,,,,,,,73,,83,76,89,,,,,,95,,,77,,,,,61,,,,,,,,,81,,,,,,,,,29,,,,,92,19,,69,,,,,68,,94,,,81,,,75,,,98,,92,,,,,,98,,,,,,,,90,,92,,,77,,,,,,,88,,99,,,77,,,,,,,,,,,,,,,,93,,,,,84,,,,48,,,,85,,,,,,,97,,,,,,,,96,,1,,,93,60,,71,19,,,,,,,75,,82,,,,74,11,,,77,,,,,,,,,,94,,,,92,,,,,,,,,,,,,,,74,,,,,,,,,,,,57,,,,71,,,,80,,,,,,,,,,70,,,,,,,,51,,,,,,,,,,,,76,,,,,,,,,93,,91,,,,,97,49,,,,18,,,75,,,,,,,,,,,,,,,,85,,,95,,32,,76,93,12,,,,,,,,88,98,,79,,,,,,94,,,,,89,94,,,,,72,,,,23,,,,,,,,93,,,,95,,,,,,99
117,,,7,,,,,,97,,99,,,,,,,,,75,,,,,83,,,,,,96,,,,,,,,75,7,,,1,,,,,,,,77,,,,,82,99,,,,,,74,,,,,,,,,,,,,,,,,,,93,,6,,,,,,,,,,,,3,,,,78,66,,,,86,,,,,93,,,71,,59,85,59,45,,,,,,,,91,79,98,70,,77,,,67,82,,94,,,96,97,,,,,,91,,,,,97,,96,,,,,,,,,92,,,,39,,76,,,31,,,,,,,87,,99,,,,,,,,,,,,,,,70,,,,,,,,70,,,,,,,,95,,,,,,75,,,73,,,,,86,,,,,,,21,89,,,,,,,,96,,,,31,54,,70,,,,,,,,,,,,,,,,,,84,,,,99,,,3,,,,,,,,90,,,,,83,85,,,75,,,,,,,,,,98,,,,,,,,,,,,,,,83,,,,77,,,83,,,,,,87,,,,,,86,,,93,,,,,,,,,,,,,,,,,,,64,7,,,,,,,,,,,,,,,,,,,,,,,92,,,,,,,,,78,,,,,,,,,,
118,,,,,,,,69,95,80,,,,,,94,,,,99,98,,,,,,,90,,,96,,,,,44,,,75,,89,,,,,,,,,,87,,7,83,,89,,,30,,,87,,,,,,,,,,74,,,,,,,,97,,,77,,,79,,,46,,,,,,,,92,71,,92,,,,,74,,,,,85,,,88,,,,,,,59,,,,64,,,,,,,,,,,88,,80,,,87,80,,79,,,,,,,,98,76,,79,,,,,,23,,,83,,,,,90,,,97,,,,,,,97,,,88,,71,56,,,,,89,,83,,,,,,,,,,,61,,,83,,80,,,97,,,,,,,,,,,88,,,,73,98,79,29,,,,,,77,,95,,52,,,,76,,,,55,,,,,,,,,,,,,,,,97,,,37,,77,,,,98,,,,,,89,,,,81,,,,,,,90,,,,,,,,,,,,,79,,,,,32,,80,,81,,77,73,,,,,,,79,53,,,,77,71,,,87,,,,,,,,,74,,,,,95,,,,,,,,,,,,,,,,,,84,,,,,,87,,,,,,,,,,,,,,,,,,,,,,,,,,,73,74,,,,,
119,,,,,,,,,,,98,,,,,90,,60,,,,,,,,,,95,,,87,,74,,,,,,,,,,,,,,,83,,,93,,,,68,75,78,,,,72,,,,,7,,,,,21,,,,53,,,,,70,,86,,,,,,,,,,,24,,,,16,,,,,,,,98,,,,,81,98,,,,,,,,,,,,,,,78,94,,91,,,,,,74,,,22,93,92,86,,,,,,94,,79,,,,,72,,,,67,,,,,,,,,,,,,79,,,,,,,,84,,,,95,,,,,,,,,,,,,75,,,,,95,,,,,,97,,,,,,,,,,,,,,89,,,,,,87,,,,,,,,,,,,,,,,,,,,,100,,4,,,,,,,,,,,,,,,,,,32,,63,,,,,,,93,,,,,83,,,,,96,,,,,,,87,,,,,,,,,86,,,,,2,21,,75,86,,,,96,79,,,,,,81,,93,,,,97,,,,,,,,,,,,,,,96,,85,,,,,,,,,,,,,,,,,,,,,90,,,,,97,86,,,,,72,,,,57,,,,,,,,,,,,,,,,,,
120,,,,,,,,,,71,90,,,,,,,,2,,,,,,,,,85,,,76,,75,35,,,,,,,,,,94,,,,,,,79,,,,,86,,,,,79,,,,,,,,,,,90,,,,,,,,70,,,93,,25,,,,,,,,,,,,,,,,37,,,,70,,,,,,,,,,,,,,,36,,,,,,,91,,,,,,,,71,,,,,81,86,,,,,,,,,,94,,,,,,,,,,,,79,3,,,,77,,,,,3,,,,,,,,,,85,,,,,,96,,91,,,,,94,,,,,,,,,,46,93,,,,,,86,,,,12,,,,,,,,80,83,73,25,45,,,,94,81,,82,,,,,,84,,,,,,75,,,,,,,,,,,,,,79,,,,,72,,,,74,,,,,98,,,,,,77,,19,,,75,74,,52,,,,,,,,,,61,87,,,,,,,,,91,,86,,,,93,,,,79,,,84,,,,,,,,,,,,,,,,,,91,,81,,,,79,,,,,,,54,,,,,81,,,,,,,,95,,,,,81,,,,,,,,,,,,,,,,,,83,,,,,98,,,,,
121,,4,,,,,,,,92,,94,,4,,,,,,,71,,,,,,,,,,,,,,,,,,98,,,,,87,,,,,,,,,,93,,86,,,93,44,95,70,80,,,,,,88,,,76,,,,,,,,,,,,,,,,,9,44,,,,,,,,70,,,,,,,86,41,,,,80,,64,98,,4,87,,,93,,,47,,,,,,,,,,,,,,,75,,,92,,,,,90,,,,,,90,,,98,,,,,,,,,90,,,,,,,,53,,,,,,50,85,93,,,,83,,,26,,,,,,,,,,,,,,,,,,84,,,83,,,,,79,,,,,,71,,,,88,,,93,,76,,,,,,65,,,94,,,,,,,91,,,,,,96,,,,,,,85,,,,,,,,,,88,,,,,,,,,,,87,,,,74,93,,,,,,,34,,,,,,,,,,,,,,,,,,,,,,,,81,,,,,,,98,,,,,90,,,,92,,,,35,,,,,99,,,73,,,82,,,,,85,,,,,,,,,,,22,,,,,,,,,,,,74,95,,,,,,,,81,,,,,,,,,,,,,72,,,,,,
122,13,,,,,,,,95,,81,,,,20,95,,,,,85,,57,,79,,,82,,,,,96,,,,,,,,,,,70,,61,,8,,,97,95,71,89,,76,,,,,,81,,,45,,90,,,,,70,,,67,,,,,85,,,,,,,,,56,,,,,,,,,,,76,,,,,71,,,,,77,,,84,,,,,58,,,,,,75,,,83,,90,,,,,,,,83,,,90,,,,,91,,,,72,,,,,,,,,,,61,,,,,,,,91,,,,51,,95,,,45,,,,,39,74,,,,,,82,,,,,,58,,,,,,,,,85,68,,73,,,,,80,81,,,86,,,,78,,96,2,,,75,,,,,,,,97,,83,,,,,,85,,65,,,,,,,,,62,,,,,,,,,,,,,,78,,,,,,,,,,,,,,70,,,,,,96,,,,,,,14,,,70,,,,95,,,,,,,,,82,75,,77,,,98,82,,,,,,,,81,,,,,,,90,47,,,,,76,,,,,85,,,5,,,,,,,,,,81,,,81,,78,,,,,,,,,,,83,,,,57,,,,,,,,,,,,,,,,,,84,,,,,,
123,,,,,,,,,75,,,,,,,83,,,,,,,,,81,,,72,,,98,,,,,,,,82,,,,,80,,,,,,50,80,,,75,64,88,,57,,,94,76,75,,,,,,,94,,,,,,,,,,,,95,78,,,,,,,12,,,,,,,,,,87,,,,,77,,,,,,,,94,,,,,,,,,,80,,,,74,,70,,70,,65,,,,99,,,,91,,80,,,,,84,,,,94,,89,,,2,,,65,,,,,91,,,,92,,,,,,,,,80,,,87,,74,,,,,,98,,,,,13,,98,,,,,,,,,,,,,,78,,77,,,,,,77,,,,,,,,71,,,,,,,,,,,,,,,,,,,,69,,,71,,,,,,,,,,,,,,,,,,,,,,98,,,,,,,83,,,,,,,,,89,97,,,,,,20,,,,72,,9,88,,,45,,,,,,,88,,,,,82,,,,,,,94,,,,,,95,,,,,,,,,79,,99,74,,,80,,,,,,,,,,,,,,,83,,98,,,,,,,74,42,,67,86,,,,,,70,,,,,,,,,,,,75,,,,72,99,,,,,
124,,9,,,,,,,89,87,72,,,,,80,,,,,83,,,,88,,,,,,,,,,,,,,,,,,,,,,,85,,,,,,,,,,,,,,,99,,,,,,,,,,,13,,,,,,,78,83,,,,,,24,,,,,,,,74,,90,,76,,,,,97,,,,,92,,,70,,53,,,,,,27,,,,,87,,,,,,,,96,,,,,,81,,,85,,71,,98,,96,,89,,,90,,,,,,,,,94,,,57,,,72,74,,,,32,,,,72,98,,84,,74,,,,,73,89,,,,,,,70,,2,,,,,,,,,,65,,92,,,90,,,,,,,,84,85,,,,,,,,,,,,,,,,,,,,,,,,,,,,,45,,,,,,97,,92,,,,,,,,,,,,77,,,,,,,,41,,93,86,,88,,56,77,72,,,,,,,,,,,,,81,,,,,,,,,89,,,95,,,,,,,91,,,79,,,,,36,80,,,82,,,13,,,,,,,,,,,,,87,,58,,,,,64,75,,,,,97,8,,,,,98,21,,,,,,,,,97,,,,,,,,,,,72,,96,,,,,,,,,80,
125,94,,,,,,66,,88,75,,,,,,70,13,,76,,79,,,,,,,97,,,,,,,,,,,91,,64,64,,99,,,,,,,76,,,96,,,74,,,,90,,,,,,,,,,,,,,,,82,,,,,74,,,,,,,,,,,,,,,,79,,97,,,,,,,,,,95,88,,,39,,95,,,,,,,,,,,74,,,,49,,,,79,,94,,,75,,,73,17,90,,72,,87,,,,94,77,,,79,,,,,,70,,,11,,,,,,,,,,,,96,92,,,,,,,,,,74,,,,,,,70,,,,,,,97,75,,,,,,89,,95,89,,65,,,,,,76,90,,,,88,,,35,,,,6,,,74,,,,82,,76,,,,,,,96,,89,,,,,,,,,,,,,,,,,,,,92,,37,,,,75,,,,70,93,,,88,,,83,,,,,,,52,,,,,,99,,,,,18,,,,77,76,,75,,,77,74,,,,,,94,,,,,34,,,,,,,86,44,,,,99,,1,95,,,,,,88,61,,,,,,,,,70,,,,,,,,94,,,,,81,,,,,,86,,,90,,,,,,,,,,,,,78,,,,,,
126,,,,,,,,,86,90,,,,14,,,24,,,,,,,,,,,,37,,90,,,,,,,,98,,,,,,,,,,,,,,,95,,,,,,,79,88,,,25,,,,,79,,,,,,,,7,,93,,,73,70,,,,,,,87,,,,,,2,,,,,,,,73,,,,,,,,,,,80,,,,,,,,,,,,,,,78,,,,83,,,,,,,,96,,,,71,,,,,87,,82,99,,,,,,,,90,,3,,,70,,,,10,30,,,,,78,,,,,73,,,,,,,,,,,,,74,,67,,90,,,76,,,,71,,,83,,98,,,,,,,,,,,,65,,99,95,,,,,,,75,,74,,3,,,,,,,,,,,,,,,,53,,,,,,24,,,,,,,,,,,,,,,55,,89,,,63,80,,,,,,74,93,,,,,,,,,,,,,,,,,,,,,,,,,82,,,,99,,,97,,,84,,89,,,,89,,,,,,,,,95,,16,82,22,87,,,,,,,,,38,,,,88,,,,,,,,,,,,,,,,,,65,,,,74,,,,,,,,62,,,,79,,,,,71,,,,,99
127,,,,,,,,,,,,,,,,,,30,,,,,,,,18,,,,,,,,,,,,,,,,,,,42,,,70,,,70,,,92,,,76,,,,,92,,,,,,,98,,,98,,,,,,,,,,,79,,,,,,,,,,,,,84,,,,99,,,,81,74,,,,,,,,,,,,,,,,,,,,,,70,,,,,,,,,,87,77,,75,,,,,,,,,72,,,72,,74,,,,,,,,,92,,,,,70,72,,,,,,,78,,,,,,,,,54,,,,77,,,,,,,,,,,,,,,87,74,,75,,,,,,75,,,,,71,,,,94,,,,70,95,,,,97,,,,,,,,,,,,,,,,,,80,,15,,,,,,,,,,,,,,,,,93,,,89,,,,,,78,,,,,74,,,,,84,96,,,,,,,,,,,,,71,,,,,,,,,,,,92,,,92,,,,72,,,,,71,,,,,,9,,,,,54,,92,,,87,,75,96,,,,,,,,,,,,84,,,73,,,84,50,,,,87,,,,40,99,,,,,,73,,,84,,75,,,,,66,,87,,,,73,,,,,,78
128,,,,,,,,,,86,,,,,,83,,,,,,88,,,93,,,91,,,73,,,,,,4,,76,,,,59,97,,,,,,,,,,80,,73,,,,41,,74,,,,,,,84,,,74,,,,,,,28,87,84,,71,,,,,,,,,,,,,,,78,,80,,,,,,,85,,,87,,,,,,,,,,,,,,,,88,84,,,,40,,,,,,,,83,,73,,73,,86,87,,,83,,95,,,82,,,,,,,,,70,,,,,,90,,,,,,,,,,,61,74,,,93,,,51,,,,37,,,,,96,,,,,,,47,73,,19,,,,,,,,,,,,94,,,,,,,,,82,,,,,89,,79,,,,30,,,,88,,,,,,,,,,,,,33,,,,,,59,,,,,,,,,,89,,,,,,75,,,,89,,,,,,,,,,,,,,,,,,,,,,,,,,,,,,80,,,,,90,74,,,,,,,,96,,,,78,,,,,,31,,,80,,26,81,,,97,,,,,99,,,,,,,,,,,,82,,,,,,,,,,,,77,,,,,71,,,,,,,,,,,,86,,,,79,93,,,,,9
129,24,,,,,71,16,,84,72,,80,,,,98,,,95,,,,,76,79,,,,,,,,94,,,,,98,92,,,14,,,,,,,,6,82,,,82,,81,98,,,,,86,99,,,,,,,,,,,,,,,,,96,,,,,,48,51,,,,,,,,,,,,43,78,,58,,,96,,,,,91,93,,,,,,,,,6,,,,,,98,97,,86,,,3,,,,,93,,,72,88,,84,,88,,86,,85,,88,,3,,,,,,,,,,,,,,,,86,,,,,50,,,,93,85,,,,92,,,,,,,89,,,,,,,,,,,,,,,,,,,,,,,,,,,,85,,,,76,,,95,73,,,,,,,45,,,78,,,,,25,98,,,,,,,,77,,,46,,,,,,,,,,,,,,90,,,,,,,,46,,74,,,,99,,,29,,,,,,,,,,,,,62,,,,,,,,,,,,,,85,80,99,,,81,,,10,,,,82,,,,,,,,,,,,,,,83,,,81,,,94,,,,,81,,,,,,,,,,74,,89,,,,,,,,,,,84,80,,,88,,78,,,76,,,,,,,,,99,,,,,73,,51,,,
130,,,,,,,,,33,,38,,,,,21,,,,,,,,,36,,,6,,,,,25,,,,,,,,,,75,34,49,,,,,31,,,,8,,39,,,,,12,1,,,,33,,,,,,8,,15,,,,,59,,,31,24,,,,,68,,,,,,,,,,5,,30,92,23,,,,,,,,10,,,17,,,38,,,4,,,,,99,,20,37,,36,,21,,,,,,29,,,4,28,,10,,,,16,,,,5,,,,,,,,67,,,,4,,,,,2,33,83,,,,63,,,,,1,4,,,29,,,,,,24,,,,,,,30,,,,,,,,32,,,,,,21,,,,,,,,16,,,,24,,,,,13,,,,,,,19,,,80,,,,,,25,,,,,15,,,,,,,,,,92,,,,80,,98,,,4,,,,35,,99,65,,,19,,,,19,26,,57,,41,,14,,,47,,,,,,,89,,,12,,31,,,,,,,,39,9,39,,,2,,,,,,,,,1,,,,3,,,88,,,,,88,,,32,5,,29,18,59,,,10,,,,,6,37,,,,,12,,,,,,,,5,,,69,,5,4,,,,,26,,,1,,,,,,,,,,,,,11,31,,,,,
131,,,,,,,,,,17,30,,,,,,,,,,38,14,,,,,,5,,,,,,,,,,,,,,,,8,,,,,,,3,,21,21,,19,,,,,21,,28,,,,,,32,93,97,3,,,,4,,,,,,23,,,,,,16,,20,,23,,,16,,,22,48,,,,,39,10,,,,,,19,,,,,,,43,20,,,,,12,,,28,,12,47,,,,,,,22,,,,,,,,,,17,37,23,,,11,5,15,,,,,,,,,3,,,,,32,,,,,,,,,,7,5,,39,,,,,,,,,,,,,,,10,,,,,,,,5,,,,,,,,6,35,,,,,,,,,,,,34,,18,,,,,97,,,,,,1,,,,32,,,,,,,31,,,,,,,,,,,,,,,,,,,,,,23,,,,,,33,,,,,,,,,,30,,31,,12,,,,,,,,,,36,,,,,,,,,31,,,1,,,34,17,,,30,,,,,24,,,15,,,,94,,,,,,9,,,7,,32,,,,,,,,,,,10,,,,,,,,,,,,,22,,,,,,,,,,,,,,2,,,,,,,,,23,,,,,,,,,,
132,,,,,,,,,,21,13,,,,,,,,,,,,,,6,,,7,,,,,16,,,,,,,,,,,19,,,4,,,,4,69,,,,4,27,,,,21,35,,,,,,,,,,,,28,,,,,,18,,16,22,,5,,,,,,,,,,,,,20,,,,,,,,,,,,36,,98,25,,,,,,,,,,,,28,2,,,24,,,,,,34,,,,,,,,33,,3,,,95,,,,22,,,,,,80,,,,94,,,,,,1,,,,28,34,,,,,1,,,4,,,,,,17,,1,,,,,,,,,,,,,,93,,2,,,10,,,,,2,,,,,6,,39,19,29,,,,31,1,,71,,,,,10,,,,,,,,,,,,,,,,,,,,,,,,,,,,,,,,,,,,,,,,,,,10,,,,12,9,,,,,,16,,,,,,,,,,,,,12,,,,81,,,,30,14,12,,5,,,36,8,,,27,,18,,84,,,7,,12,99,,7,,,,,,,,,31,,,38,,72,,29,,,,,,,,21,,,34,,25,,,,,,,,,,,22,,,,,,,,,,,69,,,39,83,,,,,,,24,,,18,,,
133,,,65,,,,,,37,9,14,,,,,,,,,,32,,,,34,,,1,,,,,16,,,,,,,21,14,,,,,,,,,,13,,,24,,31,20,,,,,,9,,,73,,,,,40,,,,,,,,,35,,35,,,,,,,,,,,,,17,,53,,,,,,,,30,,,,,17,,,,71,,,,,23,,,,,,,,,22,34,,,,,,3,,,,,34,,,15,,1,,,,4,,17,14,,25,5,,,93,,,,,,,,,,10,,,,,,,45,,,6,,,,,,99,,,16,,,,,,,83,,,58,,,17,13,,,25,62,39,,,,,88,,,,,,51,,,,28,,,,,,,,,,,,,30,,27,,,,,,30,,,,,,63,,51,,,,,,,,,20,,,,,,,40,13,,,48,33,,,,,,26,,,,,,,,,26,6,12,,,,,,,50,,,,,,31,,,,,,,,,,,,34,,,18,,,,,,,,,11,,48,,,,,,,,,96,,,,,37,61,37,,,,87,,24,,,,,,,,,,,,22,29,,,,,,,,,,,29,,,,,35,,,,,,,,,,,,,29,,,,,,,,,81
134,,,,,,,,,,,,,,,,2,16,,33,38,10,,,,26,,38,,,,20,,,,,,59,,,,95,,,12,,,,,24,,27,,42,,,36,33,,6,,12,4,,,93,,,65,,,,10,,,,,,,,,,,,,,,,,,,,,,,,,,26,,19,,,,,,,,,,,,,,,51,,,,,,,,,,,,,,1,,,,,,,,,,,,31,4,32,,,,31,,,,,37,,38,,,,,,,,,,,,11,,33,,,37,,,,,,,26,5,,4,,,,,,,,,,,,,9,,,54,,,,,,,,,80,,,,,,,25,,,,19,28,,,26,19,,,,,,,95,,,,53,,,,,,,,,2,80,,,,,,26,,,,,,,,,,,,,,,,,,,,,,2,,,,,,,,,,,,,,,,,,,22,,,,,,,,,,,31,,,,,,11,,,,,3,,,,38,38,,,27,,,,,9,,,,30,,,,,,,,,5,,,14,,33,1,,,,,,,,,,,,,77,46,,,,,,,,,20,,,,,18,,,,,,34,,,12,,,,,,63,,,3,,,,37,21,,,,,
135,,,,,,,,,,31,,,,82,,,,,,,,,,,10,,,5,,,3,,,,,91,,,22,,,,,,82,,,,,,,,,,,12,37,,,,22,14,,57,,,,,6,,,,,38,,,,,,15,,,,,,,,,,,,,,,,,,12,,,,,27,,13,,,,,4,,60,35,,92,23,,,3,84,98,,,,,37,39,,36,,,,,,18,,,,,21,26,,,,,,,,,,,,,2,,,,,,,,,,38,,,,,28,,,,,,,,,5,27,,,,,,,,,,,,,,,,,17,,,,,,,12,18,,,9,85,,,,,33,,,,,11,,,4,,2,,,,,,,,,,,,,35,,,,58,,34,,,,,,,,,,,,,,,,,,,63,,,7,,,32,,,,,,,,,,34,,46,87,5,,,,,,30,,,59,,,,,,86,,,,,28,,,,,,,,,2,,17,33,,,,13,,48,,,,36,,,,,,,,,,,,,,,11,57,,3,,,,83,,55,,,,,,,,,,,,34,,,,,,58,,,,,,,34,,,,,41,,,,,,,,55,67,57,,,11,,,,,,2,,,,
136,46,66,,,,,,,,1,,,,,,,,,,,16,,,2,19,,,7,,,15,,,,,,,,13,,,,,39,,80,,,,,,,,,,,22,,,,,,10,,,,,,,,,,,94,,,,,,,,39,37,,,,,,,,,,,,,,,,,8,,,,55,,,,,,,37,,,,,36,,,7,,,,30,,,30,,,10,,,53,,8,,,24,91,,12,,,,,18,,20,34,,,29,,,11,,,,,,,,,,,23,,,,,31,45,,,,,,,27,,,,,,98,,,,,13,,,,,,,,,,,14,,,,,,,7,18,22,,,,26,,,99,46,12,99,39,22,22,21,,20,36,29,,,,,,,,38,,,,,,,,,,,,,,13,,,,,,,52,,,,7,,,,,,,21,,,82,,,,76,,,,,,,15,18,56,,,,,,,53,,,,,,,,,,,25,,,,70,,97,,,14,,,26,93,,,38,,,,,,,,,98,,,14,,,,,,,,,19,,27,18,,,,,,,20,,,,,,58,,,,59,,,,,,,,,32,,,,,,37,41,,,,20,,,,,,,,,,,81,,,,,,18,,,,,
137,,,,,,,,,,4,7,,,,,5,,,,,,,,,34,5,,30,19,21,32,,,,,,,,,,,,90,23,,15,,,,,35,,,,,29,22,,,,,24,,,,,,81,,,,,,,,,,67,,,,7,30,,,,,,,,46,53,,65,,,,,24,,,27,,,,,,,,,9,,,,,8,,,34,,,,,,,,26,,35,,,,,88,38,,2,,,14,,,31,20,17,,,,,,,,,,,11,,,,,,,4,,,,,,24,,3,,,,18,,,29,,,,,,,,,,18,,,,,,,,8,,24,,,,,,,,77,,,,26,,5,,,,,,,,,,9,,,33,14,,,,,,,,,,13,,73,,,,,,,,,,,,35,,,,,,,,,,,,,,,,,28,,4,,3,,,,,,26,,,,36,29,83,,,,,9,,,,,,,,,,,,,,,,,,,,,,12,22,,29,,,,22,,,,,,12,,21,,,,17,,,,,,,,,,88,,17,,16,,39,,,9,,,,,,,,,,,35,,,,,,,,,,,,,,,,,,,,,,19,,,,,,,,100,25,82,,,17,38,,,3,,
138,,,,,,,,,,12,33,,,,,7,,,,,9,,,,,,,,,,33,,35,,,,18,,34,,,,,6,,,,55,,,,,,24,,,6,,,,19,31,,23,,,,,28,,,,62,,,,60,99,,,,28,19,,,,,,,,,,,,83,,,18,,,,,,,,91,,91,,,,,,,,,,,,90,,,,,,1,20,36,28,,,,48,17,,,,3,,,,,25,,31,,,62,8,,,29,,,,,,,,,,,,,,,,,,7,,,,,,90,7,10,33,,13,,33,,,12,,,25,,,,,,,29,,,,,,,,26,,,,22,,,,,,,41,,,18,,,,24,,,,7,,,,,,,,25,,23,99,,,,,37,,,,,,3,20,,,,49,,,,,,,,,,,,,,,,,,5,,,,,,,,,,,29,,,,,29,18,,,,,,,,,,,,,,,53,,,,,,,,34,,,,,,,,,26,,,17,,,,,99,,,,,,,,,,35,,,26,,23,11,,,,3,21,,,,,,,12,,,,,28,,,,,,,,,,47,,29,,,,,,,,15,,,,,,,,,8,,,,30,14,,,,,
139,,36,,,,,,,,30,38,,,,,23,,,,,2,,,,,,,,,,1,,4,,,,,42,,63,,,,38,,,2,,,,3,,,17,75,22,,,,,,,,,,,,,,,,,,,,,,,,7,,,,,,,,,,,,45,,,,,,20,,14,,,,,,,,,,6,12,,1,,,,,,,88,,,,,,36,,,,,,,,,22,,37,,,,2,,6,,21,,35,,8,,35,,,,,,,84,,,,,19,,,,,,32,60,,,,63,,,,,,53,34,76,,,,,,,,,,75,,,,16,,,36,,,,,5,74,,,,,,,28,,,,,,,,,,,,,,17,,,,43,,,,,,1,17,,,,,17,,28,,,,,,,,13,,,,3,34,,31,,,,,,,,,,,,13,,,,,,,87,,,10,5,,,,50,39,,,,44,,,,,,,,,,,,,,,,49,86,,10,24,,,,,7,22,,,,,,29,,10,,,,,,30,,,,,,,39,,,,,25,,,,,,,,,,,,,,,,34,,22,,,,,,,,,,,26,,,,,,20,,,7,87,,,,,,,,4,,,,38,29,,,,,94
140,,,18,,,,,,,18,,,,,,,,,,,,,,,,,15,23,,,7,,,,,77,3,,8,,,,,1,,89,,,,,5,,,,,33,31,,,,,,,,,,,100,28,,,,,,,,,,,,,,,,,,,,,,,,,,,,30,,,8,,,,,,,,71,,,31,,,,,23,,,32,,,,,,,,,,,,,,,,,,9,,,18,,47,32,,27,,,,,,,,,,,,,,,,,,1,,,,,,,11,,,,,,,,,1,,15,,,,,,81,,15,,,,,,,,,,,,,,,,,39,31,,,,,37,16,,,,,,,,,2,,28,,21,29,,,,,,,,,27,,84,,,,,,,,,,,4,,,,,,,,,,,,,,,,,,,,,,28,,,,,,4,,,,,,,,,,,,,,,,,,,,,,,,17,,,,,,,,86,,38,11,27,,,,11,8,,,,,,,,,59,,,,,,36,66,,87,,,,,27,,27,37,,,,25,,,,,,,,,,,24,,26,,18,70,,55,,,,99,,28,,66,,,,,40,,,,,,,,,,,28,,,,34,27,,91,,,34
141,20,,,,,,,,,31,9,56,,82,,,,,,,,,,,36,54,,,,,,,11,,,,,,,,,,,,,,,,,,,,,2,,,,,,,34,,,,,,,,,,,,,,,,,,,24,,31,29,,,,,,,,,,,,,,,,,,9,,80,,10,,,,,20,,,2,,,,22,,,,,,,,,,,,36,,,,,,26,,27,,,9,,,4,,30,,20,,,,,,,,,,,,,,,33,35,,,,,,,,,,,,,,,,,,23,,,,,,,,4,,,42,43,,,26,,,,,,,,,98,,23,,,,,3,34,,,,,,,,,18,40,,32,29,33,,,,,,53,13,,15,,,,,,,,,,,,,,,,,,,,,,,,,,,,,,,11,,,24,16,,,,,,,,,,3,21,,,,,,9,,,,,,,,,,45,,,,,,,,,,,,24,,,12,,,19,21,,,,,,,59,17,,,,,,46,,,,,,,,62,,,,34,,,,,31,,,,,,,71,10,50,,27,,38,32,,,,,,,,34,,,,,,,,,,,16,,,91,,,,,,,,,,,,,,,34,
142,,,,,,,,,5,,,,,,,32,,,,,,,,,,,,,,,3,,,,,,,,27,63,,,,,,,,,,,,,,35,,,,,,,,28,17,,,,,17,37,,,29,,,,,,,,3,,,30,,,,76,,,,,,,,,,,,73,,,,44,,23,,,,,,26,,,,,,,,5,57,,,,100,,,,,35,,,78,,,,,,,,,27,,,,,,,,,,25,26,,,,,,,,,,,,,,,,,,,,,,,,,91,2,,,,,9,,,,,,3,,,,,,89,29,,58,,,,,,,8,,,,,7,,31,,,,,64,7,,,37,25,,,,,,,,,,,,,,,,,,,,38,,,,,,28,,,89,11,,,,22,,,,,,,,,,,34,,,,,70,,,,,,,,,,39,,,,,2,,,,,,,,,49,,,,,,,,,,,60,,,,23,,32,,,,23,,64,,,,,,6,,,,,,,,,,,,,,,,16,,,1,,,,9,,,,,,,,,,,,,,,55,,98,,,,,,,16,3,,,,,,,,30,,,,,,,,,,,73,,,,,,,,
143,,,,,,67,,,2,16,,45,,,,21,,,,,,,,,27,,5,13,,,,,31,65,53,,,,21,24,,,11,,,,,,,,39,,,15,,,3,,,,4,,,,,,,,,,,,,,,,,32,,,68,,3,,91,,,,,,,,,,,,,27,,19,,,,,,,,,,4,21,,,,8,34,33,,19,,,,,,,36,32,,17,,,,,,,,8,,,33,32,,23,,,,,,35,,31,,,,,100,,48,,,,85,,,4,,56,,37,34,,,,65,,,,1,6,,16,,16,,,,,,,,,85,,,,21,28,,,,,,,19,,,,97,48,18,,,3,,,,,,,,34,,,,20,33,,,,,,,,38,,29,,,,,,,,,,,,,,,,,,,,,,,35,,,,,,,,,,,,10,,,,,,3,,,82,35,31,,,,,,,,,,,8,,,,,,78,,,,,,,,,,,4,,15,32,,,,31,,,10,,,10,,,,93,,29,,,1,,73,25,,,,,,3,,,,,,85,,,,77,,,58,,,,,,,,73,,84,,,20,,,17,,14,30,,,,,7,,,,,,,,,,,,,,49,,,,,,,,
144,,,,,,,,,32,4,,,,,,37,,,,,,,,,,,,14,,,28,,,,,,,,11,,,,4,10,,,,2,,,13,,,,,,,,,78,,20,39,92,,,,,27,,,,,,,,,,,,,19,8,,,,,,,,,28,,,,,,,,17,9,,,,,,,,,,23,,,,,,,,20,,,,,,,20,,63,5,,,80,72,,,,20,,,13,,,10,,17,,,,,,31,37,,39,,,,,,,,,29,,77,,,3,,,,,,,,,,,28,,,,,,,,,,,,,2,89,,,4,,,,,,,,25,81,,,,,1,,,,,,,,2,,,37,,68,,30,,,,,,,,,30,,18,71,,,,,,,,,,,,10,,56,,33,,3,,,,,,,27,48,,,,,,,,30,,,,,,1,84,,,2,19,,,,,16,18,,,,,,26,,,,,,,,,,,,,,,,22,,32,,,,34,,,,7,58,,32,,,,,,,,41,,,,,,,19,,,32,,,,,,,32,11,,96,,,,,28,,,8,,15,,54,,,,,,16,,,,27,,85,,64,,33,,23,,,,,,,,,34,,,,,6,,,33,,
145,,,,,,,,,,,15,,,,,22,,,,,34,,,,15,25,,,,,11,58,,,,,,,36,,,,,1,,,,,,,32,51,,12,,8,,6,,,12,18,,,,64,,16,12,,,,,,,,,93,,32,,,,,,,,,,,,,,,,,,33,,8,,,,71,22,20,,,,24,,,10,68,,16,,,,,,,,,,,,,,,,,,,,,37,,,,1,,,,,,,,37,98,,14,,13,,53,,,,,,,19,,,,,,,,,,,,,,,,,,,,,52,,,,,36,,,,,,,13,,,37,,,,,,,,,,,,,,,,,,,,,,11,,,,,36,36,,21,,,,,,,,,,,,,,,,,,93,,,49,,96,,,,,,,,,,,52,,,,31,,,8,15,,,,,,,,,,7,,,,,,,,,,,,,,,,,,,,3,48,,,,,,,,,,21,,,,25,,,27,29,,,,,25,,,,,,,,,,,,,,,,15,,,3,,,,5,,,,,,,,,,,15,1,1,,,,,11,,,,,,,15,,,,,38,,,,100,,36,85,,,93,,24,,,,2,,,,97,,
146,,,,,65,,46,,27,,29,,,,,,,39,,,,,,,,14,,35,,,,61,,,,56,16,28,,,85,,,17,,,,,,,38,,,2,85,,,,,,,13,,,,,,72,,,,,,,,,,,,34,,12,,,,,,,,,,,,,,,24,37,,20,,63,,,,,,,,,,,,,,,,,20,,,,,,,2,,,29,,,,,,,,,,,,29,,,,,,38,,,,,2,,,,,,,,,,,,,,,,,,,,,,46,,,,37,,,,,,,,,10,,36,,,,,,,36,,,,75,,,,4,,,8,,,,,,23,,,,,32,,,30,17,,,,36,,,,94,,,,24,,32,,,,,,,,,,75,,,7,,,,,,,,,,,,15,,,,,,23,,,,31,34,,,,,,,49,,,,,,,,,36,,,,76,,,13,,,,,,,,,,,,,,,,,,,,,16,8,,,,47,,,,,,,,28,,,,,,,,,,,,29,,,34,,,,,13,,,6,,17,,,,,,,,,,,39,,18,,,,,,29,,71,,,,,,,,,,,,,,,20,94,,,15,12,,,,,
147,,77,,,,,,,34,,29,,,,,9,,,,,,,1,,28,,,,,,30,,,,,,,,,,,,23,,,,,,87,,,,,,,6,17,,,,28,,21,,,,,,7,,,5,,,,,38,,,,,21,8,,,,,,,,,,,50,,,,,10,,,,22,55,,,,17,,2,,,36,,,22,,,,,,92,92,,,,,,2,,,,,,,,11,,,,35,,38,,,,18,,25,,24,,,24,,,,,,,,,12,,,,,14,,5,,,15,,,,,,10,,32,,26,,,,,,14,,,,77,,,,,,,,,43,,1,,,5,71,,7,,,,,,,,37,,,,7,,,,25,,,,,,,,29,,24,,,,79,69,11,,,,,,,36,,,,,,,91,,,,,,,,,,,10,,,,,,,,,77,,89,,,32,,,,,,,8,,54,,,,,4,,,,,,,,,,,,,,,22,4,,,,,31,,,,,,,,,15,,,,32,,,,,,,,,,,,10,,,,,,,25,19,,,,,,,5,,,10,,,,,,,,,,,,,,,,,,,,,,29,,,,,,,,,,,,36,,11,,,,72,
148,,,,,13,,,,17,,,,,,,,,,,,1,,,,,,,17,,,,,,,,,,,,8,,,,7,,,,,,,36,,,,,,28,65,94,,26,,6,,,,,,,,,,24,,,,,,,,,39,25,,,,,,,71,,,,20,87,,,,,24,,,11,,28,,,,,,,92,17,94,,38,,,,,,,,,,,32,,31,,24,,64,,,,16,,72,25,,,,,,,16,,8,,,6,24,7,23,,,,,,,,13,,,,,23,,,,,,,,,40,24,4,,,,,,,,,,8,,,,,,,,,,,,,,,,,,14,,,19,,,14,,,,,3,,,,12,,,,,10,,,,,,,13,55,39,73,,,,,,,,,75,84,,15,,,,,,,,,,,,,,,,,,39,,,,,,,,,,,,,,33,,,,,,,,,,,,,,,,92,,,,,13,,,,,,,,,39,,1,,,,,,34,,,,,,30,,,,,,,,,,6,,,,,,26,,,37,59,,,20,,,,,,58,,12,,,,,,,,,,,38,55,,,,23,,,,,,23,,,,,,,,,,,45,,,,,,,,,,,
149,,,,,,,,,12,,,,,,,6,,,,,14,,,,39,,,4,,,26,,,,,,,,10,,34,,,30,,,,,,,,,70,20,,5,,,,,22,21,25,,,,,,,,,38,,,,,,,,21,54,,20,,,,39,,,,,,,,,,,,,1,,,,,24,,,62,,,,,21,,,21,,,10,,,,,,,18,,,,27,,,,,31,,15,,,21,,,,,7,78,,,,,23,,,38,,,,,,,,,13,,,,,12,,,,,,,44,,,,22,,28,,26,,,22,,,35,,96,,,,,,,,,,,73,6,20,,,39,,,,,,,,,,,,,,,4,,,12,,,,,,,55,,12,,12,,,,,,,,,,,,,,,,,,,,,,,,,,,,,,,,,,,,,,,,,,,,,,38,,,,,,19,,,,,,,51,,,,,,,,,,,,,,64,,20,31,,,,,,,,,,,,,,2,,,,,,,,,,72,,28,,,,,3,,,,,24,34,,,,,,,36,,,12,,33,12,,,,,18,,,,,,,,,,,15,,,,,57,,,,,,,31,,67,,,,,,,,
150,,,,100,,,,35,9,9,,,89,,,,,,,,2,,54,,20,,,,,,,,24,,,,,,24,,,,,27,64,,,,,,,,,20,,,,,,,,13,,,,98,,,,,,23,,,,,,,,16,,,35,,,,58,,,,6,64,44,,,,,13,,,,92,,,,,,,,,39,,,97,,,,,,,,,,,,,,,10,,,,,,,,,,,18,3,,13,,20,,9,,17,,27,,,,27,,,,,,,,18,,,,,22,36,12,,,,,,,,1,,,,,39,,,,,,11,,,69,,,38,,,,,,,,,32,,,22,,,9,,,2,78,85,,,,,,6,,,,2,33,,,,,,,,15,,,,,,,,27,,,,,,,,,,,,,,,20,,,,,,,,,,,,,,35,,,,,,20,,58,,2,,,,11,,37,8,,,40,,66,,,,,,,,7,,,,47,,,83,,,38,,,70,,,,,,31,,67,16,,,,,,,,,,,,25,56,,23,,92,18,,,6,,,,6,,,66,,,,,,,,,,,,,96,,,,,,,,27,,,,,,,,,1,,,,,,,,,,,,,20,,,,,,
151,,,,,,,,,21,,,,88,,,,,,58,65,29,,,,,,,,,,9,,21,,,,,,10,,,,,,,,,,99,,,,,30,,,16,,,,25,,,,,,,,32,,,34,,,,,,,,,,,,,,,,89,,,,,,44,,,95,20,,,,,,87,7,,31,,,22,28,,29,,,,,,,83,,,,,,31,,,4,,,,,,39,,,,,,5,,,,9,,20,,,,26,3,,,,,,,,,,,,,,,,32,28,,47,,,66,,,,,,,33,,12,,,19,,,,,,,,,,21,,,,,89,,,,,37,,,,12,,1,,,,,,15,,,20,12,,,1,21,,,,,,,,,,31,,,,,,,,,,,,,,,,,,,50,,,,,,,,,,,,,,,,,,82,,78,,35,,,,23,,57,,,,,8,,,,,,,,,,,,,28,100,,,,,,,,,3,,,,67,9,23,,,15,,,,,,,,,5,,,,,,,,,,,,30,,22,19,,,67,18,28,18,,,,,,,,,,,,,,,,82,,,,,,,,,,,,7,,,19,,,,,,,,,36,,79,,,,,,,,
152,,,,,,,,,39,18,,42,,,,,,,,48,,,,,27,,,13,,,2,,13,,,,,,,,,,,,,,,,,,35,,,,,,24,,,,15,7,,,,,,,23,,,,,,,,,,84,,,2,,100,,,95,,,,,,,44,,,,,,24,,,,,12,,,,,,,,12,,,35,97,,11,,78,,,,,,30,93,32,15,,,,,,,,,,29,,,34,,,,,21,23,,,21,,,,,55,,,,,,,,,,,,,,,,,,,,81,32,,,,,,,,,,,,,,,,12,,,,,,47,,,,,,,35,,,39,,22,,,,,,28,,,,,4,,,24,,,,,,,,13,,31,,,,,,30,,,31,,,,,,,78,,,66,,,,,,,,,,,,21,100,,,,,,,,,,,,28,,,,,,,,35,,,,,,,,,,,,,26,82,,,,,,,,,8,,5,,,,13,,,33,,,,,13,,,,34,19,8,,,,,,,27,,,9,14,1,,,,,28,,21,,,16,,,27,,,7,,2,,11,,,,,,,,,12,,,,,,14,,,,5,,,,,,,,3,,,,7,,,,98,,
153,,,,,90,,,,27,,,6,,,,,,,,36,,,4,,,,,3,,,34,,14,,,,46,,,,,,,,,,,,,,,,,,,,14,,,,35,17,6,64,,32,,,27,,,17,,,,,,,,,,,16,,,,,,,,,,,,,,,,,30,,,,,30,,,,,,30,,,,,23,,,26,,,28,,48,,,9,43,,,,,,,,,7,,,,37,,37,,,,,,16,,,24,,38,,,,,,,,,,,,,,,23,,,,,83,,,,30,,,24,,21,,,,,,34,,,,,,,,56,,,,,,90,,,,,,,,,,,,81,,,,,,20,17,,,,5,13,,,,47,,,1,,13,34,,,,,,,,,37,,,,,,,,,,,,,,,,6,,,,,,,,,35,,,,,,,,,,38,32,,,,,27,17,,17,,,,,,,9,,,,20,,,,,,,,36,9,,,25,,82,,2,,,,,,26,,21,,,,29,,,,,9,,,,16,,,4,,4,,,,98,,31,,,,,,,28,23,,3,,16,56,,,,,13,,,,,,26,,,,,22,,,31,,,,,,,,,,,,,5,10,,,,66,
154,,,,19,,,,,,11,,,,,,,,,,,,,,51,4,,,12,60,,2,,27,,21,,,,12,71,,,,26,89,,,,75,68,2,,,,,,,,,,,,11,,,,,99,6,,,,,,,,,,,,,20,,,80,,,,,,,,,54,,,,,,30,,,,,,,,88,,17,17,,19,,,13,,,,,,,,,,,20,,28,,,,,,,,,,,21,,,,,17,,,,,,,9,,34,,,,,,,,,21,,,,,31,,,,,,,,,,,38,,,,,,,,,,,,,,,,,8,,,,,,,,37,86,,32,,,17,,,4,,,,,,,,,31,,,24,,34,,,,,48,79,16,,34,,,,,,24,23,,,,,,,,,,,,,,,,,,,50,,,70,25,31,,,,34,,,,,,,,36,,20,,,11,,85,,34,,,,10,,,,,7,,,,7,,,,,15,80,,,,20,17,25,,,11,,,,11,,,3,,,81,,,,,,,,48,,,,19,,81,,40,32,32,,,72,,37,,,,,2,,,62,,3,,34,,,,,,,,,,,,,,,,,8,,,15,44,,,,,,,,25,,,,38,,,,,,
155,,,,,,,,,17,8,18,,,,,22,,,,,32,,,63,,,,,,,,,13,,,,,,6,,,,,,,,,,,,,,,13,,,6,,,,,37,,,,,,,,,,,,,,,,,,,,4,23,,,,52,,,,,,,,,32,,,,39,54,,,,1,,,,,38,,,,,,,,,,,,,,,,,,,20,,,,,,7,,30,,,,36,,,,20,,,,9,,,28,97,,,,,,,10,82,,,,,,,31,,,,,,,,,,,19,,39,,6,,,,,,,,,23,,,,38,71,66,,,,,,,,,,,,20,,38,,69,,,,,,,26,,,,,4,8,,,,,,,34,,29,,,,,,5,,,57,,,,18,,,,,,,,,,49,,,,,,,,31,,,,,,,,,,17,,,,23,22,,,,,,,42,93,,,,,,,,,,,,,,,,,,,,,16,31,,,,6,27,,14,36,,,,23,,,,,24,,10,,73,,,99,,33,,,38,,,,,,,38,31,,,,,,,28,,73,,,,,,,,,,,26,61,,,21,,,,,26,,,,,,,92,24,,1,,,,,28,11,,23,,,,
156,,,,68,,,,,24,2,31,,,,,,,,,,,,,18,,,,24,,,36,,,,,,,,,,,,,,,14,48,,,,17,,,7,,,,,,,,,12,,,16,,,18,,,,,,18,58,,,,,,,,,,,,,,,,,,,,,,,,15,,,,,,89,84,,22,,,,34,,,,,,,,38,,,,,,2,,,,,,,,,50,,,,,31,,38,,,,,,,,,,,,,,87,,94,,,65,19,,,,,19,3,,,,,,,,,,,,,39,,,,,,,,,,,,19,,20,,,,7,,,,18,,,,,,,,4,4,,,,,24,70,,,31,,,,,,,,,,,,,,27,,,,,,14,,,14,,,,,,,,,89,,,,,,,,,,,60,,,,,52,26,,,,,,13,,,,15,,,90,,,8,,,,,42,97,,41,,,19,,,18,,,,,,,,,,,,,,,,,,,1,,,,,38,,,,,,,,,,,,,,3,42,27,,,,,,,37,1,,,,,,,36,,30,1,,,,,,,50,,,,,,,,,,,71,,,,12,,,,,,,,,,,,,39,,,,,,
157,60,,26,98,,,,,,6,,,,,18,,,,,,,,,,,,,,,,1,,,,,,,,16,,,,,21,,,,77,,52,27,,,27,,,,,20,,,,,,,,,,,,,,,,3,,,71,,31,,5,,,,,,,,,,60,,,,,,34,,,,,,,,,,,,,28,,,,,,16,,,,,,,7,72,,,,,,,,,,,,,9,,,,,,,26,,13,,,,17,,,,92,,,,,,,,37,,,,,,13,,,,,,,,,,,,,,11,,,,,,,72,,,,,,13,53,,,,57,,,29,,,,,,28,,9,,,,,,16,,85,,14,,,35,17,25,,,20,,,,9,,15,54,,,,,3,13,,,,,,36,,,,,,,,,,,,,,,,,,3,,,22,14,,,,,53,26,,,,,25,,,,,,21,,42,,,,,,,,,23,,36,,,,,,,,,25,31,,30,,,,,,,,,,,,36,,,,32,,,,,,,,,17,,10,,,,,,,,26,2,,,85,,,,,,,,,6,,,,,,,,,90,,,,71,,,,,,,,,,90,,,,,,12,,37,,,,51,,,,
158,,,,,,,,,14,,,,,,,,,,,,24,,,,,,,,,,,,15,,,,,,,,17,,,16,,,,57,,,37,,,,,,,,,,,,23,,,,,,,,,33,,,,,,,,,,31,,,,,36,,,,97,,,,,,,,,,,,,89,,,,,,,26,,23,22,,17,,,13,,,21,22,,,20,,,,71,,,,,,,,,,,,,,15,,,,,38,,,15,100,10,,,,,,18,,,25,,,,,,4,,,,,73,,7,,,19,,,,,,,,,,23,71,,,,,,13,,,,,,,,36,22,,21,,,1,,3,,,,,,33,,,,,,38,,39,,,,,,,,,,10,,,,,,16,,,,,,68,38,,,,,,1,,,,,,87,,,,,,,,,,36,,,,,,,,,,,29,,87,,,11,6,,,,,,,,,,,,,,,,,52,,74,,,24,38,29,,,,,36,,,,,,,,,,,,38,22,,,,,,,,,,,,,38,,,,,,,,24,,,,,9,,,,23,,,,49,95,,32,,,66,,,,55,,,,,,,,,,,,,,,86,,,,,,34,,,,,
159,,,,,,,,,28,1,36,,,,,,,,,,,,,,,,33,,,,,,14,,,,,,,,,,,,,,66,,,,17,,,,62,,,,,,,,,,53,,,,37,,,,,,,,,,,4,,,23,,,,,,11,,,,,,,,,38,,,,,,,,,20,,,,,83,,,54,20,,19,23,,,,,,,,,,11,,,,,,7,58,,,,14,,,,,,,,,11,,,,,,,,,58,,,,36,39,,,,,,,,,,,,,,,,,,,,7,,,,,,35,,,,,,,23,,,,,,,,,,,39,,,37,,28,,,,,,,,,,,,,33,,,,,,,,,,,,,,,,,,,,,,,,,,44,54,54,,,49,,,,,,,,,,,,,,,9,13,,,8,,,,,,,25,,,,,,18,,84,,,,,,,,,,,36,,,,,,,,,,1,,,,,31,,,,39,,,19,,1,,,,14,,,,,84,,19,,,,,25,,12,21,93,,,28,6,,,,,,,27,,,,18,,,,,,,14,,,32,43,36,,,,,,24,,,3,,,,,,,,,23,,,,34,9,,,,,
160,,,,,,,,,,83,,,,,,,,,,,,,,70,,,,,,,,,,,,,,,75,,,,,85,,,,,23,,,,,,,,,65,,,,,,,,,,,,,,,,,96,,,,,,,,,,,,,,,,,,,,,,,,,,,,,,,,,,,83,40,,72,,,,,,79,,45,,,,,,,,76,,,,,,,,97,,,,,,,,,,,58,6,,,,,48,,,,,,,,,,,,,,,69,82,,,,,,,,70,,,97,,,,,,,,,,,,2,26,,97,,,,,,,,,,,95,,,,,78,,,,,,,,,94,,,,,97,,,,,,,,95,,75,,,,,,,,,,,,,,,,,,,,9,,,,49,,,48,,,,74,,,,,,,,97,,,,,,,,,,100,11,,80,,,,,76,,,,,,,,96,,,,,,65,,,74,,,77,,,,,,42,99,,,,99,,,,,,,,57,,,,64,,,64,13,78,91,,,,,,,,,,,,,,81,,,,,,,,,,,,,,,57,,,,71,,,,86,,92,,,,,,,,,,,,,90,77,,,22,37,
161,,,,64,,,,,,95,,,,,55,,,,64,,96,,,,,,,,,19,,,,,,,,,,,,,,83,,,,,,,,,,,,,,,,,,,70,32,,13,,,,,,99,,,,,,,,,,,,,,,,,,,,,,,,,,,,72,,,,,,,,,,,,,,,,76,,77,81,,,,,,,,,,82,,,11,,,,,,,,72,75,,,66,3,,24,,,,,,,,,,,,,,,,,,,68,,,55,,46,,,,24,,,83,,,79,,,,,,,65,,,,,,,,,,,,,29,,,,,,86,,,,20,75,,97,,,52,,,,77,,,,,,,,,,67,,,86,,,,,,,,,,,,,,,,,37,13,,,,,47,,,,,,,,,,89,,,,,,,,,,85,,,,,,,,,,,71,,,,,,,,,14,,,,82,,,92,,,,,,98,,82,80,,,,,,,,,95,89,33,,,22,,99,,,,,,,,,,,,96,,,,,,,,,30,,,,,,,,,,,,,,65,,,,,2,,,,,,,,,,,,,,,69,,,,,,,,,,79,,,,,,
162,,,,,,,,,91,96,88,36,11,,,,,,,,,,,,,,,,,,,,,,,,,,70,,,,,,,,,,,,,,,,,90,,,,,95,30,,,43,,,,,,,,,,,29,,,,,37,81,91,,,,,,,,,,,,,,,,,88,,,,,86,84,,,,,,,71,,86,71,,26,94,,,,,,,,,,87,,40,,,,,,75,,,,77,,13,,,,,,,,99,11,,,,,,,,,,,,,,,,73,,,,,,,,,65,,,86,85,35,,87,,,,,,,57,,,,,,,,,,,37,,92,,54,,,,,,95,,,,57,,,,,78,,,52,,81,,,,,,,8,,22,,,,,,,,,,,,,39,,90,,,,,,,,48,,,62,,,,37,,,,,,86,,72,61,,,76,,,,,,,,,,,74,,51,,,,,,,,,,,,,,,,,,,,,,76,89,,9,,,,,90,,,,,,,,93,89,,,50,,78,,,,,,,86,,,,,,,,,,77,,,,,99,,,,,,,,,,,88,,,,,70,,,,,,,,68,88,6,,,,,,,,,,,,,,,,,2,
163,86,,96,,,,,,,,86,,,,,,,,,,,,,,,,,,,,,,,,34,,,,85,,,,,78,,,,,,,,,,,,,,,,,85,,79,,,,,,,64,,95,,,,,,,,,,94,,,,,,,99,,,,,,,53,,,,,,,,,,,,,,,,,71,,,84,,,,,,,,,,,90,,,,,,,,,20,,,,96,94,,,,,,,,,,,,,,,,,,,,,85,,,,,,,,,,,,,,,,91,,,88,,,,,,,,,,,,,67,,98,,,,,,,,72,,,,,48,75,,97,,,,,,,,,95,,,,,,,,,,,,,,,,39,,,,,,,,63,,,,87,,,,,,,,,,,,,,,,,,,63,,,,,,,12,,99,,,,16,48,34,46,,,,99,,,,,,83,9,,,,90,5,,,,,,,,,,94,,,96,,,,85,,,,30,,,,99,,,39,82,,,,,,,,,38,,,,,33,,,83,,,,,,,,11,44,,,,,,95,,,,,,,,,,,,,,,,,,,,89,,,,,,,,,,,,,98,,,,68,,
164,,,,,,,,,,84,,,83,,,,,,,,,,,,,,,9,,,,,,4,,,,,,,,,,96,,,,,,,,,,1,,96,,,,,,,,,,,,,,,,92,,19,,,,,22,,,81,70,,,,,,,,,,,,,,,,88,78,,,,,,,,,66,,,,,,,95,,,,,,,,,47,,77,,,,,,,,59,,96,,,,87,,,,,,,,,,,,,76,,,42,,,46,46,,,,,,29,,,,,,45,,,,,,,,82,,,,,,,,8,,,,,28,,,,,,,,,,99,,,,,,98,,82,,,,,,,,,95,,,,90,93,,,,,,,,,,96,,,,,,,,,,,,,,,10,,,,,,,,,,,,,,,,,,,,,,,,,,,,,,,,,,,,,,,,,,,,,,,,,,,15,,,,13,,,,,,,93,,,,,,55,85,89,,71,,94,,83,,,23,,,,,,,,,,,86,,26,,,,,,,,,,,,,80,,,,,,,,,,,,,,,72,73,,,,,,,,,77,,,,,,,,76,70,,,6,,70,47,,,,
165,57,,86,,33,,,,,73,82,57,,42,,,,89,,,82,,77,,,,,,,47,,91,,49,,12,,,73,39,,,,95,,,,,93,,,,,,,,71,,,,,,,,82,,53,71,,,39,94,,,,,,,,,45,86,76,,,,,,,,,,,,,,,95,,90,,,,,98,,,,,,37,,72,,,98,,,,,,,,,69,,93,,92,,,,,,,,,,,,78,,,,,,,7,,,91,,,44,,,,,,,,,,,27,,,23,,,,,,,,,,,,,88,,,,,,48,,,,,,,,,,,87,,,,,,,,,,,,79,,,,,,79,79,,81,44,,,,,,98,,,,,,,,,,,,,,,,,,,,,,,,56,,,,,,,3,,81,,,,,,,,90,,,,,,,,,,,,,,,,,93,,,,,,,,,,,82,,,,,,96,,40,,,,,,,70,,,74,,,,,,,85,,,,92,79,,,,71,,,,,,,,,,51,,,,,,,,,,,39,,,,,78,77,,,,,,,,,,,,,,,,,,,,30,,,,,80,,,,,,,,,88,,,,82,70,,,,,
166,,,,,,,,,,,80,,,,,,27,,,,95,,,,29,,,,,,84,95,,,,,,,,,,,,,,,,,73,,,,,,,,77,,,,83,,95,,53,,,,,,,85,,,,,,,,,,,76,,,,,,,,,,,,,,,,,92,,,42,,,,,,,,,,,59,,,,,71,,,,,,,,,,75,,,,,,,21,,,,,76,,,45,,8,,50,,,94,,,,,,,72,,,65,,62,,,,,,,,96,,,,,25,,82,1,,73,,,,30,,,,,,,,67,,,96,,,,,,,,,,65,95,,,,,99,,,,,,14,,,73,,,,,,,,,,,,,83,,83,,,,,,,,,,,,,,,,,,,,,,,,,,,,,,,,,,,1,,,,,,79,,78,,,,,,,,,,,,,,,,95,,,,,78,,,,,,,,,19,,,,97,,,,,,,,,,94,80,,,,98,,,,,,,,,,,,,,,,5,,,,,,,,87,,,,85,,,,,,,,,,,,,,,,75,36,,,,,,,,,,,,,,,,,,,,,88,94,,,,,
167,,,7,98,74,,,,,,,,,,,,,,,,,,,,,,,39,,,,,,,,,,,76,,,,2,,,,,,,,40,,,,,84,70,,,,76,,84,49,,1,,,,84,,95,,,,,,,,86,,91,,,,,,,,,,,,44,,,77,,,83,,,,,70,,,,33,,,2,,,,86,,,,,,,88,,,,77,,,,,10,4,,99,,73,,,98,,,,,,,,,,,,,,,,,,52,,,,,,,,,,,,,,11,,,,,,,,,,,,,,,,,86,,,,52,,,79,,,,,,24,,,,,93,,,,,85,,,,,,,,24,76,,,,,84,,,,,,,,,,92,,,67,,,,,,26,,,,,,,,,,,,,,,,57,61,,,,,,,,,,,,33,,36,85,,,,,85,,,,,,79,,88,,,,,,,,,,,,,,,,83,17,,,77,,,,,,,,,,77,,,,,75,,,,,,,,,,,,,,,,,,,,,,,5,,,,,,,,72,,,35,,,,,,,,,,,,,,,,,,,,93,,80,,,,,,,6,,99,,,,,,,,,,
168,,,,,,91,,,,77,,,,,23,,,,96,,87,,4,,,,,,,,,,,,,,,,70,,,,,80,,,,,,,,,,,,,99,,92,90,94,,81,,,,,,,,,,,,,,,,,,22,,,,,,,92,51,,,,,,,,,,,82,,,,,,,,,,,,,86,,,98,,,,,,,,,,,,,,,,,,,,,86,,,87,87,,,,,,,,,,89,,,,,,,,,,,,,74,1,,37,,,40,,,45,,35,,49,81,70,88,,,,,,,,,,,,,,,,98,,,,,,,,,,,,,,70,,70,,,,,,,,98,95,,,92,,,,,,,,,,,,79,,,,,,,,,,,,,12,,70,3,,,,,,94,,,,,,,,,,,,,,,,,,,,,,,,,,,,,,,,,,,,,,,,,,,,,,,,,,82,,82,,,,,,,,,,98,,,,,,,,,,,,,,,,,,,,,,,,,,,,,,,,,,,90,70,,,,,96,,,,,,65,,,,,,,,,92,70,,,,99,,,,,,,,,,,,,,,,,,,
169,13,10,,,,,,,,93,73,27,59,69,,,,,,,78,,,,,,,,,,57,,,,,,,,,,,,,,,,,,,,,,,,,,93,,,,88,,,,,82,,,,,,,,,12,,,,,,,,,,,,,,,75,,73,,,,,,,,,,,,,,,,,42,,,63,,97,,,,,72,,,,,,,,,,86,,,86,,,,,89,70,,92,,,,,,,,,,,71,,27,,,,,,,,,,26,,,,,9,,,,,,,46,,,,,,,,,,,,,,,,,,,,,,,,,,,,68,70,,,71,,,,,70,,,,,,,,,93,,,,,78,,,,,,,,86,,76,,,10,,95,,,,,,,,,,,,,,,,,,,,,,,,,38,,36,,,50,,,,,,,47,53,21,,,73,,,,,90,41,,,,,,,,,,,,97,,,,53,,,,92,84,,,82,,,72,46,,,79,91,,,,,35,2,,,,,,,,,,,,,,99,,,,,,,94,79,,,,,,,,,,81,,,,,,,,,,,,,71,,,,,,,,,,,,,,,,,,,,,,,81,,,,,
170,,,,,,9,,,,,96,,,,,,,,,,,,90,,,,,,,,,,,,,,,,75,,,,24,96,,,,,,,,,58,89,,99,82,,,,96,75,,,,,,,,,,,,,,,,6,65,,,90,77,,,,,,,,,,6,52,,,,,,,,22,,,,,,,,,,,,,,,,,,65,,,,,,,78,,,,,,,,56,,71,,,90,,,,,,,,,,,,,,,,,,,,,,,,,,,,,,,,,,97,,,,91,41,42,,,,,,,,,,,,,,24,,,,,,,,,,82,,,,,,,,81,,,,,,,,,,,,,,96,,,,,,,,74,,82,,,,,,,,,,,,,,68,,,,,,,,,,,,,,,,,,,,,,,,,,,,,,,,,,,,,,,,,,,,,,,,,,,,,,,,,,,29,89,,96,,,,,,,63,93,,,83,,,,,,94,,,28,,,,,,,,,85,,37,,,69,,,72,,,84,,,,,,,,,,86,,,63,,,,,29,,79,,,,,,,,,89,,,,,,,,,86,75,,,70,,,,31,,
171,,,,,,,,,,88,,,,,,,,16,,,86,,,,51,,,,,,52,,,5,84,,,,96,,,,,72,,57,,,38,,,,,55,,89,72,,31,,,,71,,11,99,,,,,,79,,,,,,,74,,,71,,,,19,,,,61,,,,,,,,75,,,,,,,83,67,,,,,,,86,,,98,,5,86,,,,,,,,92,,73,,,,,,,77,,,,72,,,,75,84,97,,15,,,85,,,,,,,,,,,,,,,,,51,,,,,,,97,,98,,,,,,,,,,,,,,,,,,,85,,,,,,,,79,81,,,,,,,,,,,,,,,,89,,,,,,,,,,,,,98,,,,,,,,56,99,,,,,,,,,,,,,,82,,,,,,,,9,,,,,,,,,31,,,,,,,,,,,,,,96,,,,,,,,,,,,,94,,,,,,,,,,,,85,,,,,,,72,29,,96,,,,,,84,29,,,88,,,,,,,,,82,,,,,,,,,,,7,,,,,,,,,,,,,,,,,,12,,,,,,,,,,,,,,,,,,,70,8,,21,,89,,,,,
172,,,,,,,,,52,76,76,,,,,,,,,,73,,,,,12,,,,83,,21,,,,,,,80,,,,,89,,,,,,,,,,,,92,,,,,95,,,,64,,,,,,,,,,,,,,,,51,,,,,17,,,,,,,,,,,,,,,,,,,,59,,,,,,,83,,,,,,80,,,,,,,1,,,97,,,,,,26,,,,,,74,,,,,,16,,,,72,79,,,,,,,,,,,,70,,,,,,,,,,22,,,,93,,,85,,,,,,,6,,,,,,,,,,,,,,,,,,,86,,29,99,,78,,,5,,,,,,,,,,,77,,,,,,,,,,87,,,,,,,,,,4,,,,66,,,,,,,,,,,,,,,38,,80,,,,,,,,,96,79,,33,,,,,,,,,,,44,,,,,,,,,74,,84,,,,,,,,,89,,,,46,,,,,,73,,,92,,,,,,93,,,,,,,,,14,,82,71,,,6,,,,,,,,91,,,,76,,,,,,,,,,21,,,,,,,,,,,,,,,,,99,,,56,,,,,,,,85,,,,,,
173,,78,20,,,,,,,99,,,,,,,,,,60,,,,,,,,16,,,,,,,,,,,,6,,,,73,,,,57,,,,,,,73,,,,,45,89,,88,18,44,,,,,,,,,,,,,,,,,,,,,,,,,,,,,,,,,,,,,,61,,,,,,,,79,,82,,,77,,,,,,,,,,,,,91,,,,,,44,,,,,98,89,,,,,,,,,57,92,53,,,,,82,,,,,63,,,,,,,,,,,,,47,,,93,,89,83,,44,,,,,,,,,,,,,98,,,,,,,,80,,,98,,51,81,,,,28,,,,,,,,,,,,,,,,,,,,,,79,,,93,,,,,,,,,,41,,,,,,5,,,,,,,,,,28,,83,,,,,52,,,,29,79,14,,,,,,,,,60,,,,,,,65,,,,,,,98,,,,,,,,,77,,80,,,21,,,,,72,,,,,91,,,17,,,,,,,,,,,9,,88,,,,,,,,,,,,,,,83,,,,48,,,,,,,,,,86,66,,,,,,,74,,,71,,,,,,47,,,,,,,88,72,11,,,,
174,,,,,,,,,,,94,,,,,29,,,77,,73,,,,,87,,,,,,,,90,,,,,94,,12,,,83,,,,,,,,,,,,85,92,,,,74,,98,,,,,,71,,,72,,,,,,,,,,79,,,,,,,,,,,,,,,,,,73,,,,,,,,,,,,,,,,90,,,91,,,,,,,,,,,,,,,,,,,,,94,,,,8,,,,,,,,,,,,,,,,,,24,,,,,,,,,,,,23,,,,74,,,99,,,46,,65,,,17,,,41,,,84,82,,,43,,,,,,,,,,,,,82,,,45,,,,,,79,,,,,,37,,78,,,,,87,,70,,,,,,,,,,,,,,,,,,,,,2,,,,,,,65,,,,,,,,,,,,,,,,,,,1,,,,,,,,,3,,38,85,,,68,,,72,,,,,,,,,95,55,,96,80,,,51,,,,,69,,21,90,,,,99,,90,49,,,,,,,,,,,,,,,,,45,,,,,,,,,,,,,50,,,,,,97,95,,,,,,36,,,,,,,,,,,,,45,,81,,,,80,72,,,,,
175,,,,80,25,,26,,,,75,,,,,84,,,,,,,,,,20,77,,,,,,,,,,,,82,60,67,,,73,66,,,,40,,,,61,,,93,74,,99,,,,,96,,,,,,,,,,,,,,,73,78,,76,,,,,,,,,99,,,,,,,,,90,,70,,,,,,,42,,,,75,,,87,,,71,,,,,,,,97,,,,,,,,,,,,,86,95,74,,,30,,,,53,,,,,,,,60,,,,,,,,,63,,,57,,,,,,,,,,,6,,,,,,,,,,,,,,,,,22,,,,,,,90,,,,,,93,,89,,,,,,,,99,76,,,,,,,,,,,,,,,,,,,,,,,9,,,,,,92,,,,,,,51,,,,,,,,,,,,,,,,,,58,,,,,,,,,,,,,,,,30,,,,,21,,,,,79,67,,,,,,,,88,,99,,,,,,,,77,,,,,97,,,,,,,,,,,,,,,,,,,,,,,,,,,60,,,,,,,,,,,,,,,,,,,,,,,,,,14,,,,,,,,,,,28,,55,,,,,,,,3,
176,,,,,,,19,,,,,,,52,,,,,,,83,12,,,,,34,,,,,,94,,,,,,92,,,,,80,,,,,,,,,,63,,,75,,,17,90,,92,,,,,,,30,,,,,,,73,,,,,76,,,,,,,39,,,,,54,,30,,,,86,,,,,,,,,,,,84,92,,,96,,,,,,,,,,,70,,74,,9,,,,,,,37,,77,,,,,,,93,,,,,,,,,,,,,,,,,,,52,,,,11,,,,73,,,,97,,,,,,,16,,14,,,,,,,13,,,,98,,,,36,,79,,,70,,,,,97,,66,,42,85,31,,,,,21,,,91,76,,74,,,,,73,34,87,,,,,,,,,,,,,36,,,,,,,,,,,,,,,,,,,,,,,,,,,,,,,,49,,70,,98,,,,,,,14,69,,,,,,,,,,,1,,50,,,,,,,,22,,,,,,74,,,,,,,72,,,,,,,,,,,,,,,,,,,,,,,,,,,,,,37,,67,,,68,14,,,,,,,,,,,,,,,,,,89,,,,,,,,,99,,15,,,,,,,,
177,,,,,,,,,,90,82,,,,,,,,97,,81,,,,,3,,,,,,,,,3,,,,,,,,,79,,,,,56,,,,49,,,,76,,,66,,,,,,38,,,,,47,83,,,,,,,,60,,,,,,,,,,,,,,,52,,,24,28,93,,,,,92,,,,,,,91,83,,,73,,,,,,,,,,,98,,93,,,,,,,,81,,,79,71,,,,,,15,,,,75,,,,,,,,20,,,,,,,9,,,,,,,,,,26,,76,,,79,,,,,,,,,72,,,,,,93,,,,,,,,93,,,82,,,75,,76,,,,,,,,,77,,,,,97,73,,,,,,,83,8,,,,,79,,,,48,8,,,,,,,,,,,,,,,,,,,,,,72,,,,,,,,,,,,30,82,,,50,94,,,,78,,,,,,,,,,,65,,96,,67,,,76,,,,91,,98,,28,,48,,,,70,,,83,,96,98,,,85,,81,,,,,,,,,76,,,,,,,,,,,,,,30,,,,,,,,66,,,,,,,,,,,,,,,,,,,72,,85,,,,,,,92,,,,89,,,,,,
178,,,,,,94,,,,,84,,,,,,,,72,,77,,,,,,87,,,,,,,,24,,,,,,,,49,,,,,,,,,,,,,74,79,,,60,,,,,,46,,,,,,71,,,,,,,,,,74,86,13,,,,,62,,,78,,,,1,,,,,,,,,,,,,,,,,80,,,76,,,72,,,,60,,,,,,93,,,,,,42,17,97,,,,72,,,,,,,,,,,,,,,,85,,,,,,,,,,,,31,14,,,54,,,,,87,,,,,,,,,,,,,22,25,,,,,,,,,,33,,72,,,72,,,82,,97,,,,,,,,,,,,32,,72,69,,11,,,,,,,74,,,12,,,,,,,,,,,22,,80,,,,,,,,,,,,,,,80,,,,,,,,,,93,43,97,,,,,,,,,86,,,,,,,,,,,86,,79,30,,,,,,,,89,,87,,,,,,,,,,,93,,80,,,,,,,,,,,,,,,,72,,,,,,,,,,,,,,,87,,,,,,49,,,66,91,,,,,,84,,,,,,,,,,,,,,,,23,,72,,,,97,,,,,,
179,,,,,,,,,,,78,,,,,,,,22,,,,,26,,91,,,,,,,,,,,56,,99,,,,,94,10,73,,,,,,19,99,,,75,87,,,,,,97,,,,,,,,,74,,,,,7,99,,,,87,,,,,,,,,,,,,,,,,,86,,,63,,,,,,,24,,,72,,,81,,,80,,,,,,,,96,,,,,,,,,,,,,99,,,,,,,,,,,,,,,,,,60,,,40,,,,19,,,,,,87,,,,,,,,,,71,,,,,,,,,,68,,,,,77,,,,,,,,,,,78,,,99,67,,,,,,,,92,,80,,,,,,,,,,,10,,,,,,,89,,,3,,,,,,,,,,36,,,,,,,,,,59,,,,,84,,,,,72,,,,,83,,,,,,,,,,80,,,,,,,,8,,,,,,,,,,,,77,76,,77,,78,71,,,,37,,,74,,73,91,13,,,,,70,,,,,,71,,51,49,,,,,,,,,67,,,,,,,,5,,,74,41,,,,,,,,,,,,,82,,,,,,,,15,91,,,,,,,,,71,,,,75,,,,,32,
180,,,,,,24,,,,84,90,,,,,,,82,,,85,,,,,,,,,,,,88,,,,,95,74,,,,,,,,,,,,,,,,,70,,26,,,77,77,,,,,,77,47,,,90,,,,,,,81,,,78,,,,,,,75,,,,,,,,,,,86,,,,,,,,,46,40,,,86,,33,86,,,75,,82,,,,,,97,,99,41,,,,,,,78,,,,,,,,,,,,,,,,59,19,,,,,,,,,,,,,4,,,,,,,,,,,76,,86,89,,,,,,,,,,,56,,,,76,,,,,,,,,,,,,,,,,,,,,,,21,,,,,,,86,94,,,,,,,,,,,,,,,,,,,6,,,,,,,,,,,,,87,99,,,,,,41,76,,,,,35,,,,,99,,,39,,,,,,52,98,98,,,,,29,,,,42,,,,96,,,,,,,,,,,,90,,,,,,,,,,81,,95,,,,,,,,,,,,,,,,71,,,,,,,,,,,57,,,,85,,14,,,,,,,,,,,,,,,,,,,,,74,18,,,,,,,,,,71,,,,,,,,,27,
181,,,,,,,,,,83,74,,,,,,,,,,70,,,,,,,,,,,,,,,,,,,,,,,,59,,,87,,,,,,,,84,,,,,78,,73,,,,,,,37,48,90,,,,,,,,59,,,75,,77,,,,,,,,,,,,,,,,,,,,76,,,,,,,,91,,,,,,92,,,,,,,,,,90,,,,,,,,,,,,76,,,,,,,14,,,78,,,,,,,,,,,,25,,,,,,,,,,,,,,,,90,,82,,,72,,,,,,,,,,,,82,,,,,,,,83,,,,42,,94,,,,,45,,,,,,83,,,33,,,,,4,33,,,,83,76,,,,,,,,,,17,,,,,,,,,,1,,,,22,100,,,95,,,,73,,,,,,,,100,,92,,,,46,,,,,,,89,4,,,,,,,,,,,,71,,,,,,,,,80,,90,,,,,,,,71,,59,93,,96,,,,,,,,,,,,,,,,94,,,,,,,,,,,,,,33,99,,,,,,,,,,,,,,,79,95,,,,16,,,,,,,,88,,,,,,70,,,,,99,15,,,,
182,,,,,,,,,,,,,,,,17,,,,,95,,,6,,,,,,,,,,,,33,,,88,13,,,,,,,34,,,,,,,,,77,,90,,,,,,,32,,,,,,,98,,,,,,83,,,,,95,36,,,,,,,,,,,,,84,,,,,,,32,81,,,,,,87,22,,,,,,,99,,,,,,,,92,,79,,,,,,,,,,,99,99,,72,,,,,,,,,,,,,,,,,,,,,,,,,,85,,,,,,,91,,,,,82,,,,90,,,,,48,,12,,,26,73,,,,,,,,,,,,,,72,,,,,,,,,,,87,,,,,,,2,,,,,,72,,89,,,,,,,,,,,,,,,85,,,,,,,,,,,,,,37,,,,,,,,,,,33,88,,,,,,,,,,61,,,,,,,,,17,,,58,,,,56,,,,,,,,,,,,,,,,,,,,,,74,,,,,,,,,,,,,,,,,,,60,,,100,,,,,,,67,,82,,,,,,,,,90,,43,,,,,90,,,,,,56,,,77,,,,,,,,,72,,,,,91,,45,,,
183,,,,,,,,,,,,,94,,,52,,15,,,,,,,83,,,100,,,,,,,84,,,,89,1,69,,,95,,62,,,67,,,,,87,,,94,,,,,,,,,,,,,,,,,,,,34,,,,,71,,,,,,,,29,,,96,,,,,,68,,,,,,89,,,,,,,,,,,99,54,,90,,,42,,,,,86,,93,,,35,,,,,98,,,76,99,,,,,,,,,,86,96,,,,,,,,,,,,,,58,,,,,,,,,69,,,,15,,92,,,,,,,,,,,,,,,,,,,,,16,,,,,86,,77,,,90,,,,,,,,,82,,,,,73,,,,,,,92,,31,83,,46,,,,,,,,,,,,98,,,,,,,,,,,,,,,,,92,,,,,,,,,,74,,,,,,,,,,,94,,,,70,,,,6,,,,,,,,,,,,,,87,,98,93,,,,,,,,,,93,,75,,,,95,,,,,,24,,6,22,,,70,,,,,,,,,,,67,,18,,,10,,,,,,,,,,,,,,,81,,24,,,,,90,,,,,,,,,,,77,,,,90,72,,,,,
184,,,,,,,53,,,,,,,,,,,,,,,,40,,99,,,,,80,,,,,42,,,,,,,,,,,,,,,,,,67,,,,73,,,,85,,,69,,,,,,,,,,,,,,,,,,,,,,,,,,,,36,,,,,,,,,,,,,91,,,,,,,,88,,,,,,,,,,,,16,,,,78,,,,,,,,,,,,,,,,,,,,,,,,,5,,,,,,,,,,,,,,,,,,,,,,,,86,,60,78,,22,,,,,,,,,,,,,,,,59,,,,,85,,,,,,71,,82,89,,,,,,,70,,,,,,,,,,12,,,,,,82,,,,,,,,84,,,,13,,,,,,,,,,,,,,,85,,,,,,,,,,,,,,,,,,,,,96,,,,89,,,,,,,,,,,28,,,,,,,,,,,,44,87,,,47,,87,,,99,,,94,,,,,,97,,,,,18,,,,,,,99,,,34,,,31,,,17,,,,34,,75,70,,,32,,46,,,,,,,,,,,,,,,,,,,84,,,,,,,,,,,,,93,,,,,,
185,,18,13,21,,,,,,,73,,88,81,26,83,,5,,3,,26,77,70,96,,,,70,,88,17,66,,,28,70,,14,,,,89,16,,,,66,,,71,,,57,66,,66,,79,92,61,,9,,87,89,53,,,,52,6,57,12,,93,,,23,,60,92,,,97,,,82,,19,,81,,56,,26,56,,57,14,53,85,,99,,72,99,,,91,,16,27,,5,,,,,,4,75,,87,86,99,63,87,,51,,,,,55,,,26,87,,,57,,7,85,,,,91,,18,,,88,1,92,17,13,10,90,89,,60,76,58,,84,,,,,99,,,,,,,,98,81,,,,78,62,29,,,24,54,,,19,,74,79,,,,,,22,15,,24,81,66,82,,,,,,61,50,,,,,14,52,4,,,,,,,97,91,12,,,,88,22,88,,,20,,71,21,,,,65,,,15,,97,91,,,,,,56,88,81,65,67,72,80,,78,97,,10,,59,87,51,,81,78,72,64,89,,,,90,,,84,67,,14,1,,,,64,14,,,,,12,,79,93,,,8,,10,,,80,,,,63,85,5,24,23,59,12,16,,82,71,58,10,73,,23,,83,,,,,,10,65,9,20,,28,,94,65,,,82,,,24,51,,,10,76,58,82,96,8,,,,58,,,13,66,25,,51,56,,,,85,,24,,,,,56,77,1,,58,73,66,,,,13,22,,62,78
186,52,1,,5,51,,,95,,66,,70,67,,,,,4,65,15,,2,55,,,,92,,71,68,94,,,,21,,74,77,,,66,,77,27,78,16,9,,5,,97,8,,,91,,,,,84,94,57,2,12,,53,,96,,15,75,,73,,83,89,,93,,,78,,12,99,,9,80,,50,,,87,,96,74,5,96,71,,,78,59,22,,10,,96,,83,,54,,,13,,23,,90,,,4,,54,,92,82,64,51,,79,3,,75,76,91,,,19,,,,90,87,,,,,,,,28,,63,58,23,92,,13,4,76,91,,55,76,81,,,,,,,,,,,89,,,89,58,,66,87,56,87,,15,73,,,,85,,,,97,51,,,3,2,,,13,,,,,,,,71,62,63,,,,,,,,73,21,,,72,,,64,60,86,,16,14,63,,25,,57,,17,,79,,,58,,68,84,,,98,,,,,,,,,,85,,55,,78,,,,,,99,72,94,,,,,92,,,,19,,66,88,83,,,7,9,,91,,,95,6,,16,,,,,,,,,10,,,55,,77,,61,,,,11,16,6,54,,,3,90,86,,,62,93,18,,,73,,,,,,,15,,,,17,62,,95,73,,,66,,98,1,,1,,69,,58,,,,69,,79,6,16,76,,,,,20,29,77,73,,,28,67,,,72,,29,93,63,69,93,,20,,,7,28,,
187,,,,23,90,,93,89,,55,,,83,,,,,,,,,,65,,,,83,,,58,84,16,,10,,12,72,,2,,,86,,4,,29,,,,,,20,16,93,,,,,,92,,,,20,,,88,,76,,,27,77,11,,,,,19,,95,,,,,,,89,,,98,86,69,84,,27,52,79,,24,,,,,20,71,68,67,82,73,64,,15,,8,,,57,,,25,57,,86,,81,51,94,55,,9,52,,94,68,,8,,,,,,95,15,,,,,,19,21,74,71,,,,12,24,,81,,13,70,95,,64,,80,90,,7,74,65,,1,64,14,68,70,91,,83,71,98,,66,21,83,,26,76,,,,84,,51,59,4,7,,,14,,25,,56,,53,,24,,69,,,72,,,,16,,,25,,73,75,11,64,,94,72,8,,1,,,23,96,,,,14,,,,,,,63,,11,,79,,,59,7,4,87,,55,,,65,,,,84,61,92,,53,54,,,,,,,72,79,,6,69,90,84,,,90,11,,,,,,80,10,57,,88,,,20,68,,,,28,,8,,14,51,,,,,93,,29,,75,,20,24,94,55,60,,,,1,,60,64,,,,75,18,64,21,20,,,2,,,82,53,55,25,,23,83,,58,25,,70,,69,,20,,98,75,59,,20,91,6,78,80,59,7,11,,,,,,,,,,78,,,77,57,,22,,,,,,80,
188,88,6,,,,,59,79,16,96,79,,,,,66,75,,,,85,,,51,85,62,72,97,,97,,6,,24,,,,,2,,,91,,23,,,,,,71,67,5,,,,19,,76,,,,,27,3,92,,,89,98,,,23,77,12,69,66,85,79,,,,,,,75,12,,96,,11,,67,99,51,,,92,,89,19,,51,4,62,1,,83,89,,,,,,,19,,,,,53,,,64,,,93,59,,97,,26,,,,,96,,,78,,13,77,87,6,,,,5,76,,,,,,26,,,28,18,51,,,,93,,94,,,90,52,,,,15,,90,29,,54,56,,,53,77,,,24,86,,,,,,,,,,,13,25,,,20,6,28,11,,93,71,,29,,81,,,,93,,,19,28,58,,,95,91,21,67,,85,,,,8,,81,,,,,,,,,83,,,,88,21,5,,68,,94,69,27,,,72,63,,,,63,,,,58,,,68,,63,,,93,,68,,,93,16,68,,,62,99,,,,7,50,61,,74,,55,12,70,,19,17,,,,,22,98,18,54,,98,80,,,,89,,,7,82,16,,,,,,,,,,63,82,,56,,93,,6,72,,,69,,,,61,98,82,,24,58,11,62,,,14,,,,64,8,,,92,73,,17,,,,,61,,27,,80,,79,15,,64,,63,90,92,17,,,,,21,16,,,10,21,64,
189,,,4,21,70,,,,20,,,,,59,23,72,,16,58,,52,8,66,58,86,,69,,85,,,14,73,,,1,,80,11,61,,,83,,,,7,92,,84,51,,,51,,,65,95,87,76,96,,26,,,,,63,,,57,,,23,88,96,,71,,82,,,,80,74,,,,,,56,78,,,,4,86,,62,,52,,,85,,90,,,,68,,,,8,6,,,,8,93,,67,,78,,83,66,66,,85,21,,,82,66,,13,,68,71,20,85,,,,,73,4,,22,2,94,,96,10,,,8,,,94,4,,,,,76,81,,,,52,77,,,,,69,,,51,,,89,95,,26,,68,,66,73,,,,,,64,27,,3,,,,23,9,53,59,71,,7,,,85,,,,67,,,7,,16,87,,95,,65,51,,64,,22,,,,,,,,5,,,13,,61,17,,,13,,57,69,82,,70,,26,52,95,,65,,,74,,,52,72,,,,,,,19,59,57,,68,72,59,6,66,,,,88,70,21,10,,,63,,,27,,,,,13,27,,94,,,1,,3,,,53,,56,69,,,,16,,,2,,,,,,,96,,24,56,91,69,,97,76,,,,1,23,,,,62,,54,,84,,,16,75,9,,7,53,60,,68,,,57,,,,,18,68,18,,,85,,24,58,55,59,,,68,71,83,,,4,,90,81,62,25,28,,20,,,,82
190,67,13,,,,97,78,,22,,,,,50,,,60,,51,,,,73,86,,66,,88,,,50,16,,25,,15,55,,18,88,86,,86,,,21,26,,4,,,,14,99,,,,78,56,50,,67,26,12,,67,,,81,,74,,,27,84,,60,,18,,,,26,,96,,95,,,,59,,58,54,70,,,91,,23,72,,,,6,77,,,,,,,15,16,,,,58,,64,,,,96,70,94,,,,,,,,,,75,,22,,,,,,16,79,,,2,,,22,66,87,,,,18,,13,88,,,,66,85,,,,,93,,,50,17,4,80,9,,55,51,,,83,,53,,,,62,21,,,,11,,72,80,,,26,,21,,2,,27,95,55,,98,14,,,,86,,,,94,6,,,,,93,97,,57,70,79,94,,6,29,68,51,,,70,,27,,,3,60,,23,,94,,23,,,73,61,70,21,6,,,,98,62,85,,,,72,57,93,19,,55,,78,5,82,,81,,,90,19,,,79,68,68,,,14,,56,,21,,,,,73,4,15,16,,,97,,,,14,76,1,80,,,,,,,27,,,17,25,,52,84,,,,,12,,,,61,,,,29,,19,27,,21,8,53,,,,,25,,,,23,,13,,58,76,61,,,,,,,16,11,64,,,81,,11,,81,71,74,12,,83,,70,,89,4,80,,,61,29,15,,,16,,,
191,98,,,19,68,,56,90,10,,,,69,63,1,,,,,,,,,,,,50,,53,77,,11,69,,,9,,,,,,92,61,,,,,,21,,,13,,84,,14,,,,,,62,,,,89,,67,96,,,,,26,,,72,,8,,90,83,28,99,84,6,78,,57,,55,,,79,57,,,,,3,,,21,,,,,67,,99,97,10,,12,10,,,,3,79,,89,51,51,60,95,58,69,85,,,,62,93,,75,,7,,97,10,73,76,,,63,,,50,,25,,,54,21,71,,,25,,79,9,98,,,,85,,,67,,68,,,,97,,99,78,64,,,,,,51,,,,20,70,,60,,,,,73,,,,,,5,,9,96,92,,,,,,65,96,59,92,,92,7,28,,,67,,,2,77,,76,89,,24,,74,,,94,,,23,1,77,6,94,70,18,,,19,,80,56,95,,89,,12,81,94,,83,,,63,,,61,,78,11,,99,81,,18,,,90,86,94,62,9,74,,,59,92,53,,,27,94,,9,83,20,,,69,14,,,,,80,26,,64,,75,,81,74,,93,,53,25,,16,,,28,11,,57,96,22,91,,6,87,,91,,,,56,,,,,,1,13,65,90,,62,90,3,79,23,,,,,87,,,,9,,,67,,99,,,,,87,,,,3,,,,13,29,,92,81,,,16,95,68,,95,,,26,,,24,92,
192,70,,14,,71,,97,,,,76,,,85,,,98,,54,,86,,74,,58,74,,,,,71,,,26,15,20,85,,,96,,,81,,92,,,,,99,78,,24,84,,22,,95,,73,,,10,15,,77,91,,,,,12,,5,,61,69,86,18,88,53,,,65,85,20,,,57,,,91,84,58,51,18,70,99,,3,,,,88,,88,75,,56,97,97,,9,7,,25,,,18,,,,,97,81,,,,,,,,,81,88,,,2,,,,65,,9,,53,55,25,71,,,,,,21,,,,,61,79,9,90,96,,57,93,,,72,,97,66,10,,,,,54,,99,,93,,60,73,22,75,,19,,82,57,17,,51,51,,,12,,12,,,13,,72,,99,,21,75,63,59,68,58,57,,53,,13,99,10,58,,58,12,,75,54,,,,,50,76,25,85,92,1,24,3,,18,,,,,,,,,,98,,82,,,72,98,,,,50,,,,66,67,,2,92,78,68,85,,67,56,65,53,73,99,,,,,,62,97,,4,,,53,,,,,19,,,,,,61,93,,,,,80,,92,,89,68,,,21,,,53,,20,,98,53,,29,88,78,14,,73,64,75,,55,87,3,57,,10,87,,,,62,,,81,12,,4,65,,73,,,89,99,57,,,,90,,,,,,,,64,69,11,23,67,,86,,,,,88,,,21,,,,,,27,,19,,,,56
193,52,24,25,24,,,72,,27,,92,66,,78,,74,88,1,66,29,66,8,,90,,,78,,,74,61,,,16,,,58,,26,,,79,,,57,,,60,,,88,,12,,,,,,94,86,,,,27,,64,,84,62,5,96,17,,,57,,84,,,80,,,,,,21,85,79,68,,70,51,,53,,22,,,,,74,54,,58,,74,65,,,88,,,19,,29,,,,14,,,,,,,50,,,52,,24,57,93,71,,,27,,,65,1,78,,8,,85,65,14,,,24,74,68,54,,,,,29,66,,27,,,,83,,,,98,11,98,,,2,,7,,50,84,,64,,,,79,,,64,24,,,62,2,90,,54,94,23,27,22,,,24,,,75,76,94,73,,,94,70,85,88,,,,,18,,,56,59,62,,,,52,60,,26,24,94,,,80,,,,11,,23,,,16,,92,3,,87,74,,78,,,,61,,97,81,93,73,90,,98,66,,80,,,,52,60,,54,,69,77,92,,,60,,74,,72,74,,,,,,,,5,,,,11,15,15,86,,71,,,70,,66,,,,,58,54,,10,23,22,,21,15,11,,,,6,,81,4,,94,97,74,77,,92,9,93,7,,,,17,,75,,,53,25,80,12,,,,18,,77,88,,,,78,,91,,,5,74,,93,86,90,8,23,,64,,,7,71,,70,,74,3,84,54,61,,14,,4,27,,,86,
194,,,1,27,62,54,,,18,75,76,,,,,,,,,,53,,80,,62,96,60,82,59,,88,12,,9,,,,52,,86,89,54,50,1,,,27,96,7,74,88,,,73,,20,,,99,,79,98,,12,63,,56,,90,,51,27,,,67,,,60,7,93,,97,,,50,15,,72,78,,55,95,93,52,,10,,76,,17,51,,,,27,72,77,,99,56,73,17,,,8,,,,13,,29,66,77,,51,,,,,,,,,86,96,73,,8,,,,66,,,66,,,26,63,15,4,59,67,85,14,91,4,11,28,,,,78,,,,59,,,,,,,,,80,5,75,72,,,80,,,,95,,,,17,,64,,,,,,61,,27,,,,2,11,17,80,59,82,,2,56,,,55,,,,61,,,,,,66,92,14,82,54,,,,,20,69,,12,,,,,,,,78,88,,,91,,15,77,61,98,,97,,,82,96,75,,81,61,,51,,75,75,71,13,,,98,96,,98,57,54,54,,90,,,,73,84,95,74,,23,23,,,12,,,,,86,,,,,,,3,25,85,8,,,,82,51,,79,,,,,69,,15,,77,,55,21,,,27,,,,93,,,56,21,81,,,,,9,87,99,51,88,,5,,24,,,79,21,,89,,,11,,,,55,,,,,27,,85,,,,,,,10,21,70,70,,96,96,17,,,68,,,25,10,,,,55,56
195,,,3,,,80,,,,,,,,,47,,,,,,,,100,,2,,,,,,,,,,,,,,,,,,,,,,,,,,,,,,,,,,,,,,,,,,,,,,,,,,,,,,,,,,,,,,,,,,,,22,,,,,,,,,,,92,,,,,,,,92,,,,39,,,,,,,,,,,,38,,,,,,,,,,,12,,,,,,,,7,,,,,,,,,,,,,,,,,,,,,,,,,,,,,,,87,,,,,,62,,,,,,,,,,,,,,13,,,,,55,,,,,,,,,,71,29,,,,,,,,,,,,,,,,,,,,61,,91,,,,,,,,,,,,,,,,,,,,28,,,,,,79,,,,,,92,,,,,,,,,71,,,,,,,29,,11,,,,,,,,,,,,,,79,,,,,,,,,,,,,,,,,,,,,,,,,,,,,,,,,,,,,,,,2,39,,,,,,,,,,,,,,,,,,,,,,,,92,,,10,,,,,,,,,,,,,56,,,,,,,,,,,,,,,100,,,,
196,,3,,57,,,,,,56,79,67,,,,,,,,,,,,,,89,,,,,,,,,,,,17,,,,,,,,,,,,53,,,,,,,,,,,,,,,,,,,,,,,,,,,,,,,,,,,,,,,,,,,,,,,,,,,,,,,,,51,,,,,,20,,,,,,,49,,,,,,,,,,,,,,,,,,,,,,,,,,,,,,23,,,,,,,,,,,,,,,,,,,,,,,,,,,,,57,,,,,,,,,,,,,,,,,,,,,55,,,,46,,,,,,,,,,,,,,,,,,,,,,,,,,,,72,,,,,,,,,,,,,,,,,,,,,,79,,,,,,,,32,,,,,,,,,,,,,,,,,,,,,,100,,,86,,,,,,,,,,,,,32,1,100,,,48,,,,,,,,,,,,,,,,,,,8,,34,69,,,,,,,,,,,,79,,,,42,,,,,,,,71,,,,85,,24,,,,,,,,,,,,,,,,,,,,,,,,78,,,,,,,,,67,,,,71,,,,,,
197,,,,,,,,,,,,,,,41,,,69,,,,,,,,,,,,,,,,,,,,56,,,,,,,,,,,,,,,,89,87,4,,,,,,,,,18,,,,,,,37,,,,,,,56,,,,,,,,,,,,,,,,,,,71,,,,,,,,,,,,,,,,,,,,79,,,,,,,99,,,16,78,,,,,,,,,,,,,,,30,,100,,,30,,,,,,,,,,,,,,,,,,48,,,,,,,,,,,,,,,,,,,,,,,,,,,,,,,57,,,,,,,,,27,,,,,,,,,,,,56,,22,,,,,,,,9,,,,,,,,,,,,,,,,,,,,,67,,,,,,,,,,,,14,,,,,,,,,,,,,,,,28,,,,,,,,,,60,,,,,,,,,,,,,,,,,,,68,,,,,,,,,,60,,,,,,,,,,,,,,,,,,,37,,,,,,,,,,,,,84,,,,,,,24,,,,,41,98,,,,,,,,,,,,,,,,,,,,,,,94,,,,,,,,,66,,,,,,
198,,,,,,,26,,,,,,,,,,,,,,40,,,,,,,,,,,51,22,,,,,,92,,,,,,,,,29,,,,,,,,,,,,,,,,62,,,,,,,,,,,,,,,,77,,,,,,,,,19,,,,,,,,,,,,,,,,,,,,,,,,,,,60,,83,,,,,,,,32,,,,6,,82,36,72,,89,,,,,,,,,,81,,,,,,,,,,,,62,,,,,11,,50,,,,68,,,,,,,,,,,91,,,,,,90,,,,,,,,,,44,,,,,1,,,67,,,,,,,,,,,,,,,,,,,,,,8,13,,,,,,,,,,,,,,78,61,,,,,,,,,,,,85,,,,,,,,,,,,45,,,,,89,,,,,76,,,,,,,,,,,,,,,,,,,,8,96,,,68,,,47,,,,,,,,,3,,,63,,,,,,,,,,,,,,,,,,,79,,,26,,,,,,,,,,,,,,13,,,46,,32,,,,,,,,,,,,,,,,,,,,,,,,,,,,,,,,,,,76,,52,,,,,76,,
199,,,,47,39,,,,,,60,89,45,,,,,,,,,,40,,,,,,,,,,,43,,,,,,,,,,2,,,,,,,,,,,,,,,,,,,,,,,,,,,,,,,,,37,,,,,,,,,,,,,,,,32,,,,,,,,,86,,,,,,91,,,,99,,,,,,,43,,,,6,,,,,,,,,,,,,,,,,,,,,,,,,,,,,,,,,,,,,,,85,,,,,46,,,,,,,,,58,,,24,,,,,50,,,,23,,,,,,57,,,15,,,,,,,,,,,,,,,,,,,,,,,,,,,25,,,,,,,,,,,,,,,71,,,,,,,,,,,,,,,,,,,,98,,,,,,,,,,,,74,,,,,,,,,,,,,,,,,,,,,,,16,,,,,,,,,,,,,,1,,88,,,,,,,,,,,,,,,,,,,,,33,,,,,,,,,,,,,,26,,,,,,26,,43,,,,,,,,,,,,,,,,,,,,,,,,,,,,,,,,,,,,,,,,,,,,,,,
