0,name=Michael,surname=Rich,height=169,age=45,city=Bologna
1,name=Larry,city=Bergamo
2,surname=Garrett
3,surname=Rodgers,height=161,age=49
4,surname=Lopez,height=152
5,height=177,city=Verona
6,age=45,city=Rovereto
7,city=Verona
8,surname=Rodgers
9,name=Dawn,height=173,city=Brescia
10,name=Larry
11,name=James
12,age=31,city=Bergamo
13,name=Larry,city=Bolzano
14,height=162,age=49
15,name=Beth
16,surname=Rice,height=161
17,name=Larry,height=150,age=49
18,name=Michael
19,surname=Fox,city=Bolzano
20,surname=Snyder,age=36,city=Bergamo
21,name=Erica
22,surname=Lopez,height=173,city=Milano
23,surname=Oneill,city=Torino
24,name=Katherine,city=Bologna
25,name=Michael,surname=Atkins,age=44,city=Milano
26,name=Jason,surname=Rice,age=48
27,height=169,city=Bergamo
28,name=Jason,surname=Rich,age=48
29,surname=Rodgers
30,name=James,surname=Snyder
31,name=Larry
32,name=Erica,city=Milano
33,age=42,city=Bologna
34,name=Katherine,surname=Villanueva,height=162,age=41
35,name=Katherine,height=161
36,name=Michael,age=42,city=Milano
37,name=Dawn,city=Bergamo
38,age=41
39,name=Michael,surname=Atkins,height=150,age=44,city=Brescia
40,surname=Rich,height=169,city=Bologna
41,surname=Snyder,height=157
42,name=James,height=150,age=44
43,name=John,city=Torino
44,name=Jason,surname=Rice,height=162,age=36
45,name=James,surname=Fox
46,name=Erica,surname=Rich
47,surname=Villanueva,height=157,age=48,city=Bergamo
48,name=James,age=48,city=Venezia
49,name=Jason,surname=Snyder,city=Verona
50,surname=Rich
51,name=Jason,surname=Rich,age=41
52,name=Beth
53,surname=Fox,height=150,city=Milano
54,name=John,surname=Oneill,age=49
55,surname=Lopez,age=41,city=Brescia
56,age=39
57,surname=Fox
58,surname=Rice,age=48,city=Verona
59,name=Jason,surname=Rice,age=48,city=Verona
60,name=Stephanie,height=150,age=41,city=Verona
61,age=36
62,name=Larry
63,name=Beth,surname=Lopez,age=34
64,age=48,city=Rovereto
65,height=162
66,surname=Garrett
67,name=Stephanie
68,name=Katherine,city=Rovereto
69,name=Michael,surname=Oneill,height=162,age=44
70,name=Larry,surname=Lopez,height=169,age=44,city=Bologna
71,surname=Rodgers,height=182,age=41,city=Venezia
72,name=Beth,surname=Lopez,height=182,age=39,city=Trento
73,name=Dawn,surname=Oneill,height=173,age=42,city=Bologna
74,surname=Villanueva,age=42,city=Torino
75,name=Erica,age=36
76,age=44
77,name=John,surname=Lopez,height=162,city=Verona
78,name=Beth,surname=Villanueva,height=177,city=Trento
79,surname=Fox,city=Brescia
80,age=45
81,name=Dawn,surname=Oneill,age=48
82,name=Katherine,surname=Atkins,age=36,city=Rovereto
83,surname=Oneill,height=162
84,surname=Oneill,height=152
85,age=31,city=Bolzano
86,name=Katherine,surname=Rice,age=45,city=Trento
87,age=34
88,name=Larry,age=42,city=Verona
89,name=Jason,height=150,age=34,city=Rovereto
90,name=James,surname=Villanueva,city=Bolzano
91,name=Larry,surname=Villanueva,age=49
92,name=John,height=182,city=Verona
93,surname=Atkins,height=182,age=44,city=Bolzano
94,name=Beth,surname=Fox,city=Rovereto
95,name=Beth,age=44
96,name=John,age=39,city=Trento
97,name=Jason,surname=Rice
98,surname=Rodgers,age=36,city=Venezia
99,name=John,age=49,city=Bologna
100,name=James,height=182,city=Verona
101,name=Larry,surname=Oneill,age=48
102,name=Jason,surname=Rodgers,height=188,age=48
103,city=Torino
104,city=Venezia
105,surname=Villanueva,age=36
106,surname=Rice,height=162,age=49,city=Rovereto
107,city=Bolzano
108,surname=Oneill,height=162,city=Brescia
109,surname=Rich
110,surname=Rodgers,city=Torino
111,surname=Rich,age=39
112,city=Verona
113,name=James,surname=Oneill,height=161
114,name=Jason,age=44,city=Venezia
115,name=James,height=169,age=44
116,surname=Villanueva,age=36,city=Verona
117,name=Erica
118,city=Verona
119,name=Dawn,height=169,age=48,city=Bologna
120,surname=Garrett
121,age=31
122,name=Dawn,surname=Lopez,height=161,age=45,city=Venezia
123,name=Beth,surname=Rich,age=39
124,surname=Lopez,city=Torino
125,height=173,city=Rovereto
126,name=Stephanie,height=177,age=48
127,name=Erica,surname=Oneill,height=182,age=39,city=Venezia
128,name=Dawn,height=162,age=44
129,surname=Rodgers,age=49,city=Venezia
130,age=31
131,name=James,surname=Garrett,height=173,city=Bologna
132,name=Larry
133,surname=Lopez,age=48
134,surname=Snyder,height=188,age=42
135,name=Katherine,age=36,city=Bergamo
136,height=152,age=34,city=Torino
137,name=Jason,surname=Rodgers,height=162,age=45,city=Bergamo
138,surname=Oneill,height=188,city=Trento
139,height=182,age=42,city=Bolzano
140,name=Stephanie,surname=Oneill
141,name=James,surname=Rice,height=177
142,name=John,height=169
143,name=Dawn,height=157
144,surname=Villanueva
145,name=Erica,height=188
146,name=Katherine
147,height=152
148,name=John,surname=Rice,height=182,city=Venezia
149,name=James,age=45
150,name=Stephanie,height=188,age=49
151,age=42,city=Torino
152,age=44,city=Torino
153,name=Dawn,surname=Atkins,age=31
154,age=42,city=Venezia
155,name=James,height=182,city=Trento
156,name=Erica,surname=Oneill,height=173,age=36
157,surname=Rich,height=161,age=41
158,name=Jason,height=161,age=48,city=Milano
159,name=Jason,age=36
160,name=Michael,surname=Rich,height=157,age=48,city=Bergamo
161,name=Larry,surname=Villanueva,city=Brescia
162,name=Katherine,age=41,city=Bergamo
163,name=Larry,surname=Garrett,age=44
164,name=Beth,height=177,age=42
165,surname=Rodgers
166,city=Bologna
167,name=John,height=177,city=Bologna
168,age=31
169,surname=Garrett
170,surname=Lopez,height=152,age=41
171,name=John,surname=Lopez,city=Milano
172,name=Michael,surname=Snyder,height=161,age=41,city=Rovereto
173,name=James,age=49,city=Bologna
174,name=Michael,city=Brescia
175,name=Katherine,surname=Fox,height=161
176,name=Erica,age=34,city=Trento
177,name=Erica,city=Bologna
178,name=Erica,surname=Villanueva,city=Bolzano
179,name=Erica,city=Rovereto
180,height=173,city=Torino
181,height=188,age=31
182,age=36
183,surname=Rice,age=31
184,name=Jason,surname=Rice,age=39
185,name=Larry,age=34,city=Bolzano
186,name=Michael,surname=Garrett,age=31
187,name=Beth,age=31
188,surname=Rich,age=45,city=Bolzano
189,name=Jason,city=Venezia
190,surname=Lopez,age=34
191,surname=Villanueva
192,name=Michael,surname=Atkins
193,city=Bolzano
194,height=177
195,name=Katherine
196,surname=Snyder,age=39
197,height=152,age=44,city=Verona
198,name=Larry,age=34
199,age=36
200,height=188
201,age=49,city=Brescia
202,age=42,city=Trento
203,age=48,city=Bologna
204,name=Katherine,age=48,city=Milano
205,surname=Atkins,height=177,age=31,city=Brescia
206,name=Beth
207,surname=Snyder,city=Venezia
208,height=162,age=44,city=Bergamo
209,age=42,city=Brescia
210,name=James,city=Verona
211,name=Katherine,height=161,age=48
212,age=45
213,age=34,city=Bolzano
214,city=Bergamo
215,name=Dawn,city=Trento
216,name=Jason,surname=Garrett,age=36
217,name=Beth,surname=Atkins,city=Bologna
218,surname=Snyder,height=157,age=44
219,surname=Rice,height=150,age=39,city=Bolzano
220,name=Stephanie,surname=Rich,height=157,age=49,city=Milano
221,name=Katherine
222,surname=Rice,age=41
223,age=45
224,name=Stephanie,surname=Garrett,city=Torino
225,name=Erica,surname=Rodgers,age=44,city=Rovereto
226,height=157,city=Trento
227,name=Larry,city=Verona
228,age=34,city=Bolzano
229,surname=Fox,height=177,age=49
230,name=Katherine,surname=Lopez,age=49,city=Torino
231,age=49,city=Bolzano
232,surname=Rodgers,height=157,age=36,city=Bolzano
233,height=152,city=Rovereto
234,name=Stephanie,height=173,age=34
235,age=45
236,name=James,age=36
237,name=Katherine,age=45,city=Bolzano
238,name=Larry,city=Trento
239,name=John,surname=Rice,height=188,age=42,city=Trento
240,name=Michael,surname=Rice,city=Torino
241,name=James,height=169,city=Bergamo
242,city=Venezia
243,name=Stephanie,surname=Rice,age=45
244,surname=Garrett
245,name=Michael,surname=Rich,city=Venezia
246,name=Michael,height=152,age=34
247,surname=Garrett
248,name=Dawn,surname=Lopez,height=173,age=34,city=Trento
249,height=150,age=49,city=Verona
250,name=Larry,height=182,age=31
251,height=150
252,height=169
253,surname=Rodgers,city=Venezia
254,age=36
255,surname=Rich,height=188
256,age=45,city=Brescia
257,height=162,city=Brescia
258,name=Erica,surname=Atkins,age=41
259,name=Michael,height=177,age=34,city=Milano
260,name=Dawn,surname=Villanueva,age=31
261,height=152,city=Trento
262,name=Jason,height=173,age=36
263,surname=Atkins
264,name=Stephanie,surname=Fox,height=162,age=42
265,name=James,surname=Villanueva,height=161,age=36,city=Rovereto
266,name=Beth,surname=Atkins,city=Venezia
267,name=Jason,surname=Lopez,city=Milano
268,surname=Atkins,city=Trento
269,name=Michael,age=48,city=Bergamo
270,name=Katherine,surname=Garrett,height=161,age=34
271,name=Michael,height=169
272,surname=Garrett
273,surname=Rich,age=49
274,name=Erica,surname=Snyder,city=Bolzano
275,age=31
276,name=Katherine,city=Bergamo
277,name=Michael,surname=Oneill,height=157,city=Bergamo
278,name=Erica,surname=Oneill,height=182,city=Brescia
279,surname=Rice,city=Bologna
280,age=42,city=Trento
281,name=Larry,height=161,city=Trento
282,surname=Garrett,height=150,city=Trento
283,surname=Fox,height=150,age=36
284,surname=Snyder,age=39
285,height=188
286,surname=Rich,city=Torino
287,surname=Atkins,height=150,age=31,city=Trento
288,surname=Rice
289,name=James,age=34
290,name=Jason,surname=Rodgers,height=161,age=36,city=Milano
291,name=Dawn,surname=Rice
292,name=Katherine
293,name=John,surname=Rich,height=169,age=41
294,name=Erica,surname=Rice,height=157,age=44,city=Torino
295,surname=Rodgers,age=42,city=Bologna
296,name=John,surname=Garrett
297,surname=Lopez
298,city=Trento
299,name=Katherine,age=48
300,name=Erica,surname=Atkins,age=31,city=Brescia
301,height=150,age=45,city=Rovereto
302,age=34,city=Torino
303,name=Michael,city=Brescia
304,name=James,surname=Villanueva,city=Verona
305,name=John,age=41
306,age=49,city=Bolzano
307,name=John,surname=Oneill,city=Bolzano
308,name=Jason,surname=Rodgers,city=Trento
309,name=James,surname=Lopez,height=162,age=31
310,age=48
311,height=152,age=49,city=Venezia
312,name=Jason,height=152,age=45,city=Bologna
313,name=John,age=39,city=Brescia
314,age=36
315,name=Beth
316,height=162,city=Trento
317,name=Jason,surname=Snyder
318,name=Erica,surname=Snyder,height=161,age=34,city=Milano
319,height=169,age=41,city=Torino
320,surname=Rodgers,age=45,city=Rovereto
321,age=49
322,name=Dawn
323,surname=Villanueva,height=157,age=34
324,surname=Garrett,height=162,age=48
325,city=Milano
326,name=John,height=188,age=44
327,height=162,age=41,city=Bologna
328,name=James
329,name=Dawn,height=162,city=Venezia
330,age=49,city=Venezia
331,name=Larry
332,name=Katherine,surname=Snyder,height=169,age=48
333,surname=Oneill,age=45,city=Torino
334,age=34,city=Verona
335,name=Katherine
336,height=162,city=Milano
337,name=Stephanie,height=157,age=42
338,name=Stephanie,surname=Rice,age=44,city=Trento
339,name=Dawn,surname=Oneill,age=39,city=Torino
340,age=31
341,name=Stephanie,age=41
342,age=48
343,city=Bolzano
344,name=Michael,age=42,city=Bolzano
345,name=Katherine,age=34
346,name=Dawn,surname=Lopez,age=36
347,age=36,city=Bergamo
348,height=152
349,name=Katherine,city=Bologna
350,surname=Oneill
351,age=48
352,surname=Rich,city=Milano
353,age=39
354,name=Jason,height=162,age=49,city=Trento
355,name=Michael,surname=Rich,city=Rovereto
356,surname=Atkins,age=34,city=Bolzano
357,name=Larry,age=31
358,name=Michael,age=49
359,surname=Atkins,age=34
360,name=Beth,surname=Oneill,height=177,age=41,city=Bologna
361,name=Jason,surname=Garrett,city=Torino
362,height=173,age=45
363,age=49,city=Milano
364,name=Jason,age=34
365,name=Stephanie,surname=Fox
366,name=Erica,surname=Snyder,age=41,city=Rovereto
367,height=157,age=41,city=Milano
368,name=Katherine,surname=Rodgers,height=152,age=34,city=Bologna
369,height=162,age=44,city=Verona
370,surname=Rich,height=162,age=34,city=Rovereto
371,surname=Rice,height=169,city=Venezia
372,surname=Villanueva,city=Bolzano
373,city=Milano
374,height=157
375,name=Michael,age=44
376,surname=Rice,height=152,city=Milano
377,surname=Atkins,city=Trento
378,age=31,city=Milano
379,name=Larry
380,name=Dawn,city=Verona
381,name=John,surname=Lopez,age=44,city=Verona
382,name=Beth,surname=Lopez,age=36,city=Verona
383,age=41
384,name=Beth
385,surname=Fox
386,surname=Fox,height=161
387,height=161,city=Bolzano
388,surname=Lopez,height=173,age=44,city=Verona
389,city=Torino
390,height=182,age=36
391,surname=Villanueva,age=44,city=Bolzano
392,name=Larry,height=182
393,name=Dawn,height=150,age=48,city=Rovereto
394,height=157
395,name=Larry,surname=Rice,city=Bologna
396,height=177,city=Bergamo
397,surname=Garrett,age=41,city=Torino
398,name=Larry,surname=Lopez,height=182,age=36
399,surname=Lopez,age=39,city=Bolzano
400,surname=Rodgers,height=173,age=44
401,name=Michael,surname=Fox,age=48,city=Venezia
402,age=44
403,surname=Snyder,height=161,city=Bologna
404,name=Stephanie,height=150,age=48
405,surname=Garrett
406,name=Erica,surname=Atkins,city=Brescia
407,surname=Oneill,city=Trento
408,name=Dawn,height=157,age=31,city=Venezia
409,name=John,surname=Atkins,height=161,age=49,city=Verona
410,name=Larry,city=Venezia
411,age=41,city=Trento
412,name=Larry,age=41
413,city=Verona
414,age=31
415,name=Larry,age=48
416,name=Michael,age=36,city=Bolzano
417,name=Erica,age=41
418,name=Dawn,surname=Snyder,height=161,age=34,city=Venezia
419,name=James,height=161,age=49
420,name=Larry,age=49,city=Rovereto
421,name=Stephanie,height=182,age=42
422,name=John,age=48,city=Bergamo
423,age=44,city=Venezia
424,name=Beth,surname=Snyder,age=42,city=Brescia
425,name=John
426,name=Beth,city=Bergamo
427,name=Katherine,age=34,city=Trento
428,name=James,age=49
429,name=Beth,height=150,age=34
430,surname=Garrett,age=34,city=Bologna
431,surname=Oneill,height=162,age=31
432,name=Katherine,surname=Garrett
433,name=Larry,city=Rovereto
434,name=Erica,surname=Snyder,age=34,city=Torino
435,age=44
436,name=Larry,height=188,age=39
437,surname=Atkins,age=34,city=Bergamo
438,city=Bolzano
439,age=44,city=Venezia
440,name=James,height=161,age=45,city=Trento
441,name=Larry
442,name=Larry,surname=Oneill,age=49
443,height=157,age=34
444,name=Jason,surname=Oneill,age=49
445,name=Larry,surname=Rodgers,height=173,age=39
446,name=Erica,surname=Rich,height=173,age=36
447,name=Erica,city=Bolzano
448,city=Venezia
449,city=Verona
450,name=Erica,height=177,age=49,city=Verona
451,city=Torino
452,name=Larry
453,age=41,city=Venezia
454,name=Dawn,surname=Rice,height=173,age=44,city=Rovereto
455,surname=Villanueva,height=161
456,surname=Rich,height=169,age=31,city=Venezia
457,name=Dawn,surname=Rodgers,height=182,age=31,city=Trento
458,name=Jason,surname=Rich,height=188,age=42,city=Bologna
459,name=Beth,age=36
460,city=Bolzano
461,age=39
462,name=Jason
463,name=Larry,surname=Rich,city=Venezia
464,surname=Rice,city=Bologna
465,age=49
466,surname=Atkins,height=157
467,name=John,surname=Atkins,height=157,age=48,city=Milano
468,city=Venezia
469,name=Stephanie,surname=Atkins
470,name=Dawn,surname=Rich
471,age=44
472,name=Michael,surname=Garrett
473,surname=Rich
474,city=Bergamo
475,name=Stephanie,surname=Villanueva,height=161,city=Rovereto
476,name=Stephanie,height=161,city=Trento
477,name=Larry,age=49
478,name=Michael,surname=Oneill,age=49
479,age=45
480,surname=Villanueva,city=Verona
481,height=150,age=45
482,name=Jason,age=49
483,name=Beth,surname=Lopez,height=177,age=45
484,surname=Fox,height=182,city=Bergamo
485,name=Stephanie,age=31
486,name=Katherine
487,name=Erica,height=162,age=36
488,name=Katherine,surname=Rodgers,height=162
489,name=Dawn,surname=Villanueva,height=162,age=39,city=Bolzano
490,name=Beth,age=31
491,height=157,city=Rovereto
492,name=James,age=39,city=Venezia
493,name=James,surname=Villanueva
494,name=Stephanie,surname=Oneill,city=Venezia
495,name=Erica,city=Venezia
496,name=John,surname=Lopez,age=42,city=Brescia
497,height=188
498,surname=Rice
499,surname=Rice,age=31
500,age=31,city=Verona
501,name=Jason,surname=Lopez
502,name=James,surname=Rice,height=152,age=45,city=Bologna
503,name=Dawn,height=173,city=Bologna
504,name=Beth
505,name=Michael,surname=Fox,height=150,age=41,city=Torino
506,name=James,city=Venezia
507,name=Jason,height=157,age=48,city=Rovereto
508,name=Stephanie,surname=Rodgers,height=182,age=39,city=Rovereto
509,name=Jason,surname=Rich,city=Trento
510,age=31
511,surname=Fox,height=169,city=Trento
512,name=Katherine,surname=Rice,age=36,city=Bologna
513,height=182,age=36
514,name=Michael,height=177,city=Rovereto
515,surname=Snyder,height=182,age=42
516,age=48
517,name=Jason,height=161,city=Trento
518,name=Dawn,surname=Rice,age=49
519,city=Bologna
520,name=Katherine,surname=Snyder
521,name=James,age=39
522,city=Verona
523,age=42
524,name=Dawn,surname=Rich,height=150,city=Verona
525,age=48
526,name=Erica,height=177,age=34
527,name=John,surname=Garrett,age=48,city=Verona
528,surname=Snyder,city=Bolzano
529,name=Larry,age=48
530,city=Torino
531,age=31,city=Bologna
532,name=Erica,surname=Lopez
533,name=Beth,surname=Garrett,height=152,age=31
534,name=Beth,age=39,city=Venezia
535,name=Beth,height=182,age=45,city=Rovereto
536,age=44
537,height=161,age=34,city=Milano
538,name=Erica,city=Venezia
539,name=John,surname=Garrett,age=42,city=Brescia
540,name=James,surname=Rodgers
541,name=James,surname=Atkins,height=161,age=48,city=Verona
542,name=John,height=152,age=36
543,city=Verona
544,name=Stephanie,surname=Fox,age=45
545,name=Beth,age=36
546,name=Michael,height=162,city=Brescia
547,surname=Villanueva
548,age=41
549,city=Rovereto
550,height=188
551,surname=Rodgers,city=Verona
552,age=49,city=Trento
553,surname=Rich,age=36
554,height=188,age=41
555,surname=Lopez,height=152,city=Rovereto
556,age=45
557,name=Stephanie,age=41
558,age=49
559,name=Michael,surname=Villanueva,height=157,age=41
560,name=Erica,city=Rovereto
561,name=Erica,surname=Fox,age=41,city=Milano
562,name=Erica,height=162,age=39
563,surname=Rice,city=Brescia
564,surname=Rodgers
565,name=Beth,age=45
566,city=Bologna
567,name=James,surname=Rodgers
568,height=162,city=Brescia
569,name=Stephanie,surname=Snyder,age=42
570,surname=Rich,height=182
571,surname=Rich,city=Milano
572,name=Michael,city=Brescia
573,age=31
574,name=Larry,surname=Fox,height=162,age=41
575,name=Katherine,age=36
576,name=Beth,height=188,city=Torino
577,age=39
578,surname=Oneill
579,name=Michael,surname=Garrett,height=162,age=34,city=Torino
580,name=John,age=39
581,name=Beth,surname=Garrett,age=45,city=Bolzano
582,name=Larry,city=Milano
583,age=48,city=Verona
584,surname=Oneill,height=169,city=Verona
585,height=150,age=31,city=Milano
586,name=Beth,height=152,age=44
587,name=Katherine,surname=Oneill,height=169,age=42
588,surname=Rodgers,age=48
589,height=162,age=42,city=Brescia
590,height=169
591,name=Beth,surname=Rice,age=44,city=Bologna
592,name=Stephanie,age=45
593,name=Stephanie,height=173,age=31,city=Brescia
594,name=Jason,surname=Villanueva,height=173,age=45
595,name=Erica,surname=Atkins
596,name=Dawn,surname=Snyder,height=169,age=44
597,age=39
598,height=177,age=31,city=Trento
599,name=Erica,surname=Snyder,age=34
600,name=Jason,age=34,city=Brescia
601,name=Jason,age=36,city=Rovereto
602,name=Erica,age=36
603,name=Larry,surname=Fox,age=44,city=Milano
604,height=162,city=Bolzano
605,name=Beth,surname=Lopez,height=188,age=41,city=Milano
606,name=Jason,surname=Fox,height=169,age=42,city=Bologna
607,height=150,age=41
608,name=Katherine,height=157,age=42
609,surname=Rice,city=Milano
610,name=Stephanie,surname=Snyder,height=182,age=39,city=Verona
611,name=Michael,surname=Villanueva,age=41
612,name=Stephanie,age=44
613,name=Michael,surname=Oneill,age=49
614,name=Stephanie,age=44
615,surname=Snyder,city=Bergamo
616,name=James,surname=Rodgers,height=162,age=48,city=Milano
617,name=Jason,age=36
618,height=177
619,surname=Rich,height=161
620,surname=Lopez,city=Milano
621,name=Michael,surname=Villanueva,height=177,age=34,city=Torino
622,city=Rovereto
623,name=James
624,name=Dawn,surname=Rodgers,height=161,age=48,city=Venezia
625,surname=Rice,height=188,age=39,city=Bolzano
626,name=Stephanie,city=Torino
627,name=Katherine,surname=Villanueva
628,name=Dawn,surname=Rodgers,height=150,age=48,city=Milano
629,name=Dawn,surname=Garrett,height=177,age=44,city=Bolzano
630,name=Stephanie
631,age=42,city=Bergamo
632,surname=Oneill,height=169
633,name=Jason,surname=Rodgers
634,surname=Fox,city=Rovereto
635,surname=Rice,height=150,age=42,city=Bergamo
636,city=Bologna
637,age=36,city=Rovereto
638,name=Michael,city=Bologna
639,name=Dawn,surname=Rice,age=49,city=Torino
640,name=Dawn,surname=Garrett,city=Brescia
641,name=Stephanie,age=44
642,height=188
643,name=James,height=157,city=Brescia
644,name=James,age=42,city=Bolzano
645,name=Jason,height=173,age=31,city=Rovereto
646,height=157,age=34
647,name=Jason,surname=Atkins,city=Bolzano
648,name=Katherine,surname=Oneill,city=Bergamo
649,name=Dawn,age=44,city=Bergamo
650,name=Jason
651,name=Erica,city=Milano
652,surname=Villanueva,height=177
653,name=James,surname=Villanueva,age=31
654,name=Jason,age=48,city=Torino
655,age=44,city=Bergamo
656,city=Brescia
657,surname=Atkins,age=44,city=Brescia
658,name=Katherine,height=161,city=Trento
659,name=Larry,surname=Atkins,age=31,city=Verona
660,name=Beth,surname=Rodgers
661,name=Beth
662,height=161,city=Bolzano
663,name=John,age=34,city=Rovereto
664,city=Bologna
665,name=Katherine,age=41,city=Venezia
666,name=Beth
667,name=Beth,surname=Rodgers,height=169,city=Venezia
668,name=Dawn,surname=Oneill,height=161,age=48,city=Rovereto
669,surname=Fox,age=49
670,name=Michael,height=169,age=49,city=Torino
671,surname=Atkins,age=31,city=Bologna
672,name=Dawn,surname=Rich,height=169,age=45,city=Torino
673,name=James,surname=Garrett,height=162,age=42
674,height=162,age=36
675,name=Stephanie,height=152,age=36,city=Verona
676,name=Larry,surname=Fox,height=188,age=39,city=Milano
677,surname=Garrett,height=182,city=Trento
678,name=James,surname=Rice
679,name=Dawn,surname=Fox,age=34,city=Trento
680,name=Michael,height=157,age=34,city=Verona
681,name=Beth,city=Rovereto
682,age=36,city=Venezia
683,city=Trento
684,name=John,surname=Villanueva
685,name=Erica,height=169,age=49,city=Venezia
686,name=James,surname=Snyder
687,name=Stephanie,surname=Rodgers,height=162,age=31,city=Bergamo
688,surname=Garrett,age=48
689,name=John,height=173
690,city=Verona
691,name=Michael,age=41
692,name=James
693,surname=Rich,city=Brescia
694,name=Beth
695,name=Beth,surname=Garrett,age=48
696,name=Larry,surname=Garrett
697,name=Larry,surname=Garrett,height=182,city=Torino
698,surname=Fox,height=182,city=Bergamo
699,name=Stephanie,age=41,city=Verona
700,height=150,city=Bolzano
701,height=188,city=Milano
702,name=Michael,surname=Villanueva,height=169,age=49
703,name=James
704,surname=Fox,height=177,city=Rovereto
705,name=Erica,surname=Atkins,age=31,city=Torino
706,city=Venezia
707,height=157,age=49
708,name=Larry,surname=Rich,age=45,city=Milano
709,name=Jason,surname=Fox,city=Trento
710,height=150
711,name=Erica,surname=Lopez,height=150,age=31,city=Brescia
712,name=Michael,surname=Garrett,height=188,age=44,city=Torino
713,name=James,surname=Villanueva
714,name=John,surname=Rice,height=182,age=42,city=Bologna
715,surname=Garrett
716,city=Torino
717,name=James,surname=Fox,height=169,age=42
718,name=Erica,height=162,city=Verona
719,name=Larry,surname=Rodgers,height=188,age=42,city=Bergamo
720,city=Trento
721,name=Beth,height=182,age=44,city=Torino
722,surname=Rice,age=44
723,name=Michael,surname=Oneill,age=41
724,age=42,city=Bergamo
725,name=Beth,height=150,age=45
726,surname=Atkins,height=188,age=34,city=Brescia
727,height=177
728,name=Larry,age=44
729,name=Jason,surname=Lopez
730,surname=Oneill,height=188,city=Bolzano
731,name=Stephanie,surname=Rice,height=157,age=45,city=Milano
732,surname=Fox,age=31,city=Bologna
733,name=Jason,city=Venezia
734,surname=Garrett,city=Trento
735,surname=Fox
736,name=Dawn,height=162,age=49,city=Milano
737,height=173,city=Bolzano
738,name=Jason,age=31,city=Torino
739,surname=Lopez,age=45
740,age=39,city=Trento
741,age=45
742,name=Beth,surname=Villanueva,height=188,city=Milano
743,height=162,age=45,city=Rovereto
744,name=James,surname=Garrett,age=44
745,name=Beth,height=188,age=41
746,name=Beth,surname=Rodgers,height=188,age=49
747,surname=Garrett,city=Trento
748,name=Beth,height=173,age=31
749,age=41
750,name=Michael,surname=Rich,height=169,age=39,city=Torino
751,age=49,city=Verona
752,name=John,height=162
753,surname=Rice,age=49,city=Torino
754,name=Larry,surname=Snyder,age=49
755,surname=Atkins,city=Verona
756,name=Beth,surname=Villanueva,height=169,age=36,city=Milano
757,surname=Rodgers,age=36
758,name=John,surname=Rodgers,height=188,age=41,city=Rovereto
759,age=45
760,name=John,age=49,city=Bergamo
761,height=173,age=48
762,name=Jason,surname=Oneill,height=169,age=31
763,name=Dawn,surname=Fox,age=42,city=Brescia
764,surname=Fox,city=Torino
765,height=150
766,name=Stephanie,city=Trento
767,name=James,surname=Lopez,age=34
768,name=Michael,height=150
769,city=Milano
770,name=Katherine,surname=Villanueva,age=34,city=Bergamo
771,name=Beth,height=188
772,age=39,city=Milano
773,name=Dawn
774,surname=Fox
775,age=42
776,city=Rovereto
777,name=Stephanie,surname=Snyder,height=152,age=34,city=Brescia
778,height=152,age=49
779,name=Michael,height=169,age=31,city=Trento
780,city=Torino
781,name=Erica,surname=Lopez,age=48
782,name=Stephanie,age=49
783,name=James,height=150,city=Brescia
784,name=Stephanie,height=182
785,name=Larry,surname=Atkins,height=177,age=45
786,height=162,city=Bolzano
787,name=Larry,surname=Rodgers,height=150,age=45,city=Rovereto
788,city=Venezia
789,height=157,age=36
790,name=Jason,surname=Lopez,height=152,age=34,city=Bolzano
791,surname=Rice,age=48
792,name=Jason,city=Verona
793,age=44,city=Trento
794,surname=Atkins,age=48,city=Venezia
795,name=Stephanie,city=Torino
796,name=Michael,surname=Rice
797,height=161,city=Bergamo
798,name=Stephanie,surname=Fox,age=49
799,height=177,city=Bergamo
800,name=Dawn
801,name=Katherine,height=152,age=44
802,name=Katherine,age=45
803,name=Jason,surname=Fox,height=177,city=Torino
804,surname=Garrett,age=34
805,name=Stephanie,height=188,age=34
806,surname=Rice
807,age=42,city=Venezia
808,name=James,age=41
809,name=James
810,age=34
811,city=Verona
812,age=45,city=Torino
813,name=Dawn,height=169
814,name=Beth,age=49
815,height=150,age=44
816,name=Stephanie,surname=Snyder,height=173,age=41,city=Bergamo
817,name=Jason,surname=Rice,city=Brescia
818,name=Erica
819,name=Katherine,height=188,age=31,city=Verona
820,age=48,city=Torino
821,name=Dawn,age=39
822,surname=Fox
823,name=Katherine,age=39
824,name=Stephanie,surname=Lopez
825,surname=Fox,city=Torino
826,name=Jason,surname=Atkins
827,name=John
828,name=John,surname=Fox
829,surname=Oneill,height=150,city=Verona
830,name=Katherine,surname=Rich,height=162,age=49
831,name=Jason,surname=Villanueva
832,name=Stephanie,surname=Snyder,city=Bologna
833,name=Jason,surname=Rice,age=36,city=Torino
834,name=James,age=36,city=Bolzano
835,age=31,city=Bolzano
836,name=Jason,surname=Villanueva,height=152,city=Torino
837,surname=Rich,age=42,city=Rovereto
838,name=Stephanie
839,name=James,surname=Rodgers,city=Bolzano
840,name=Dawn,surname=Rich,city=Verona
841,name=Stephanie,surname=Rice,city=Venezia
842,height=157,age=48,city=Bergamo
843,name=Michael,height=173,age=42
844,city=Bologna
845,name=Katherine,surname=Lopez,city=Milano
846,height=161,age=34
847,surname=Lopez,height=188,city=Bologna
848,age=36,city=Rovereto
849,surname=Oneill,age=49,city=Trento
850,surname=Rodgers,age=49,city=Verona
851,surname=Atkins
852,surname=Snyder,age=34,city=Bolzano
853,name=John,age=39
854,name=Jason,height=173
855,height=150,city=Venezia
856,name=Dawn,age=31
857,age=39,city=Brescia
858,city=Verona
859,age=48,city=Brescia
860,name=Beth,height=161,city=Bologna
861,surname=Atkins,age=41,city=Rovereto
862,name=Dawn,surname=Lopez,height=169,age=49,city=Rovereto
863,name=Dawn,age=39,city=Torino
864,name=John,age=44,city=Rovereto
865,name=Michael,height=150,city=Verona
866,height=162
867,name=James,age=45,city=Bolzano
868,city=Bologna
869,age=44
870,surname=Rodgers
871,name=John,surname=Fox
872,city=Verona
873,height=162,age=42
874,age=31
875,name=Beth,surname=Oneill,height=182,age=31
876,height=188,city=Torino
877,surname=Atkins,city=Milano
878,age=44,city=Bergamo
879,surname=Garrett,city=Bolzano
880,name=Dawn,surname=Snyder,height=188,age=41
881,surname=Rich,city=Milano
882,name=Dawn,surname=Rice
883,name=Stephanie,surname=Fox,age=48
884,name=Katherine,surname=Garrett
885,name=Larry,city=Bolzano
886,name=Jason,age=48
887,surname=Lopez,height=150,age=44
888,name=James,height=161,city=Torino
889,surname=Lopez
890,surname=Rodgers,age=49,city=Rovereto
891,name=Larry
892,name=John,surname=Oneill,city=Bergamo
893,name=Katherine
894,surname=Atkins,age=49,city=Bergamo
895,name=James,height=173,age=39,city=Bolzano
896,surname=Oneill
897,city=Torino
898,name=Dawn,surname=Rodgers,height=169,age=34,city=Torino
899,name=Dawn,surname=Rich,age=49
900,name=Erica,age=31,city=Trento
901,age=34
902,height=169,age=41,city=Venezia
903,name=Beth,surname=Atkins,age=48,city=Trento
904,name=Katherine,height=150
905,surname=Villanueva,city=Rovereto
906,surname=Oneill,age=49
907,age=31
908,name=Jason,height=152,age=42
909,surname=Snyder,age=44
910,name=James,height=162,age=36
911,name=Michael,surname=Snyder,height=157,age=42,city=Venezia
912,surname=Rice,city=Milano
913,name=Erica,surname=Lopez,height=152,age=48,city=Rovereto
914,name=Stephanie,age=44,city=Trento
915,height=150
916,name=Larry,surname=Garrett,height=161,age=42
917,surname=Garrett,age=31,city=Torino
918,name=Erica,surname=Atkins,age=48
919,height=150,age=45,city=Brescia
920,name=Larry,surname=Rodgers,city=Bergamo
921,age=44,city=Verona
922,age=49
923,name=Jason,age=36,city=Bologna
924,name=Jason
925,surname=Snyder,age=49
926,name=John
927,height=182,age=31,city=Trento
928,name=James,surname=Garrett
929,name=Jason,surname=Snyder,age=34
930,name=Larry,surname=Rodgers,age=39,city=Venezia
931,name=John,age=34,city=Verona
932,name=Dawn,surname=Atkins,height=182,age=48
933,surname=Lopez,age=48,city=Brescia
934,height=150,age=42,city=Bolzano
935,name=Erica,city=Brescia
936,city=Rovereto
937,name=Larry,surname=Rodgers,height=188,age=34,city=Bologna
938,name=John,age=31
939,name=John,surname=Garrett,city=Bolzano
940,name=Michael,height=182,age=36
941,surname=Rich,height=152
942,name=Erica,surname=Fox,height=150,age=39,city=Bolzano
943,name=Larry,city=Bergamo
944,surname=Rice
945,surname=Fox,age=41,city=Bolzano
946,name=Jason,age=36,city=Trento
947,name=Jason
948,height=150,city=Milano
949,name=Jason,city=Brescia
950,name=James,surname=Atkins,height=173,age=49,city=Venezia
951,name=Michael,surname=Lopez
952,surname=Rodgers,age=31,city=Rovereto
953,surname=Rich,age=45,city=Bologna
954,name=Michael,surname=Rich,age=39,city=Trento
955,name=Katherine,surname=Garrett,age=44,city=Rovereto
956,city=Trento
957,age=49
958,name=Jason,surname=Garrett,age=49,city=Trento
959,name=Michael,age=42
960,name=Larry,surname=Snyder,height=169,age=34
961,name=Jason,surname=Oneill,age=31
962,age=41,city=Bolzano
963,name=John,surname=Lopez,city=Torino
964,name=Jason,surname=Rich,city=Trento
965,name=John,surname=Villanueva,city=Bolzano
966,surname=Fox,height=161,city=Bolzano
967,name=Katherine,age=31,city=Brescia
968,name=Stephanie,surname=Fox,age=39
969,surname=Rice,height=182,age=31
970,name=Beth,surname=Garrett,height=161,age=31
971,surname=Rice,height=152,age=36,city=Bergamo
972,name=Beth,surname=Lopez,height=177,age=48,city=Bolzano
973,name=James,surname=Oneill,age=41
974,name=Erica,height=157
975,name=John,height=161
976,name=Jason
977,name=Larry,height=161,city=Rovereto
978,name=John,surname=Oneill
979,name=Beth,surname=Rich,height=152,age=34,city=Bolzano
980,age=36
981,name=John,age=41,city=Torino
982,name=Larry,surname=Rice,age=45,city=Venezia
983,surname=Garrett
984,city=Bolzano
985,name=Katherine,surname=Fox,city=Bologna
986,city=Brescia
987,surname=Garrett,height=173,age=44,city=Bolzano
988,name=Stephanie,city=Torino
989,name=Stephanie
990,name=John,surname=Lopez,age=39
991,height=157,age=36
992,age=36
993,surname=Rodgers,city=Verona
994,name=Jason,age=45,city=Brescia
995,name=Erica,surname=Atkins,age=36,city=Trento
996,name=Michael,height=150,age=45
997,age=31,city=Torino
998,name=Larry,height=152,age=36
999,name=Jason,city=Bolzano
1000,height=169
1001,name=Beth,city=Brescia
1002,name=Michael,city=Verona
1003,name=Erica,surname=Lopez,age=41
1004,name=Erica,city=Rovereto
1005,name=Stephanie,surname=Oneill,age=49
1006,height=152,age=31,city=Torino
1007,name=Dawn,surname=Rodgers,age=39
1008,name=Larry,surname=Garrett,height=161,age=36,city=Venezia
1009,name=Stephanie
1010,height=162,age=31
1011,surname=Rice,city=Venezia
1012,name=Jason,surname=Snyder
1013,height=161,age=42,city=Bolzano
1014,name=Erica,height=177,city=Rovereto
1015,height=161,age=34
1016,name=Beth,surname=Snyder,city=Trento
1017,name=Erica,surname=Rice,city=Bolzano
1018,name=John,surname=Lopez,age=44
1019,name=John,city=Verona
1020,surname=Rodgers,age=41,city=Milano
1021,name=Michael,surname=Rice,height=161,age=34
1022,age=42
1023,age=31,city=Torino
1024,age=41
1025,name=Larry,height=177,age=34
1026,name=Katherine,age=49
1027,name=Larry,height=188
1028,name=Dawn,surname=Garrett,height=177,age=42,city=Bolzano
1029,surname=Villanueva,age=42,city=Rovereto
1030,name=Dawn,surname=Rich,age=31,city=Verona
1031,surname=Villanueva,height=173
1032,name=Larry,city=Bergamo
1033,age=49
1034,height=182,age=44
1035,name=Beth,city=Milano
1036,name=Larry,city=Torino
1037,city=Bergamo
1038,name=Erica,surname=Rodgers,age=49
1039,name=Stephanie,surname=Fox,city=Rovereto
1040,name=Michael,age=36
1041,name=Jason,surname=Garrett,age=39
1042,height=150,age=34,city=Rovereto
1043,height=173,age=31,city=Venezia
1044,name=Michael,surname=Lopez,height=177,age=44,city=Rovereto
1045,name=Beth,surname=Atkins,height=152,age=41,city=Trento
1046,surname=Villanueva,height=173,city=Trento
1047,age=39
1048,name=Katherine,age=31,city=Venezia
1049,age=44
1050,name=John
1051,name=Larry,height=177,age=49,city=Bolzano
1052,name=Dawn,surname=Atkins
1053,name=Jason
1054,name=Stephanie,surname=Rice,age=36,city=Bolzano
1055,name=Erica,age=44,city=Verona
1056,name=Stephanie,surname=Rich,height=173,age=42,city=Brescia
1057,name=Erica,height=182,city=Venezia
1058,surname=Snyder,height=177
1059,surname=Rice,age=48
1060,name=Dawn,surname=Villanueva,age=45
1061,name=Michael,height=150
1062,city=Venezia
1063,city=Torino
1064,name=Katherine,age=36,city=Milano
1065,name=John,surname=Garrett,age=36
1066,name=Erica,height=188
1067,name=John,city=Venezia
1068,name=James,city=Bolzano
1069,name=Michael,height=169
1070,name=Dawn,surname=Fox,height=182,age=45,city=Venezia
1071,age=49
1072,name=Jason,surname=Atkins,age=39
1073,name=Stephanie
1074,surname=Villanueva,height=150,age=31
1075,height=177,age=42
1076,surname=Lopez,age=41,city=Bergamo
1077,name=Stephanie,age=42,city=Milano
1078,surname=Snyder,age=34,city=Trento
1079,name=Jason,surname=Villanueva,height=152,age=41,city=Trento
1080,name=Erica
1081,name=John,age=34
1082,surname=Lopez,age=36,city=Venezia
1083,name=Erica,height=157,city=Verona
1084,name=Dawn,surname=Villanueva,age=49
1085,name=Dawn,surname=Fox,height=188,age=41,city=Venezia
1086,city=Bergamo
1087,surname=Rice,age=44,city=Bolzano
1088,surname=Rich
1089,surname=Villanueva,age=36,city=Torino
1090,name=Stephanie,height=182,city=Trento
1091,city=Venezia
1092,name=Jason,surname=Snyder,height=152,age=49,city=Venezia
1093,name=Michael,surname=Villanueva,age=45,city=Bergamo
1094,name=Dawn,age=31,city=Bergamo
1095,city=Venezia
1096,name=Katherine,height=152
1097,name=Beth
1098,age=42
1099,name=Stephanie,surname=Rice,height=169,age=42
1100,name=Beth,surname=Fox,height=182,age=39,city=Torino
1101,name=Jason,city=Trento
1102,height=150
1103,name=John,surname=Oneill,age=31
1104,name=Katherine
1105,name=Katherine,age=48,city=Bergamo
1106,name=Jason
1107,age=34
1108,name=John,height=173,city=Torino
1109,surname=Garrett,age=39
1110,surname=Rice,height=150
1111,name=Michael,city=Venezia
1112,name=Beth,surname=Garrett,height=152,age=49,city=Venezia
1113,age=44
1114,surname=Oneill,height=150,age=36
1115,name=Erica,surname=Snyder
1116,name=Michael,city=Brescia
1117,name=Stephanie,height=177,city=Milano
1118,name=Erica,surname=Fox,city=Venezia
1119,name=Stephanie,surname=Villanueva,city=Bologna
1120,surname=Fox,age=42,city=Verona
1121,surname=Villanueva,height=182,age=39
1122,name=James,surname=Villanueva,height=182,age=49,city=Venezia
1123,age=45,city=Brescia
1124,height=169,age=42,city=Torino
1125,age=31,city=Bolzano
1126,surname=Rich,age=49,city=Bologna
1127,name=Larry,surname=Rice,height=157
1128,surname=Fox,height=152
1129,surname=Rodgers,height=188,age=49
1130,name=Michael,surname=Villanueva,height=150,age=39,city=Torino
1131,name=Larry,height=152,age=42,city=Bologna
1132,city=Bologna
1133,name=Beth,height=177,age=48
1134,name=James,age=41,city=Brescia
1135,age=41,city=Bergamo
1136,age=31
1137,name=Stephanie,height=169
1138,name=Michael,surname=Oneill,height=150,age=44,city=Bolzano
1139,name=John,surname=Rodgers,height=169,age=31,city=Bologna
1140,name=Beth,surname=Snyder,height=177,age=31,city=Verona
1141,name=Michael,age=39,city=Torino
1142,name=John,surname=Rodgers,height=188,age=39
1143,name=Michael,age=48,city=Bergamo
1144,name=Jason,surname=Oneill,height=162,age=34,city=Trento
1145,name=Michael,surname=Rich,height=161,age=36,city=Verona
1146,name=Katherine,height=150,city=Verona
1147,surname=Lopez
1148,name=Jason,surname=Rich,height=188,age=45
1149,name=Michael,surname=Garrett,city=Torino
1150,name=John,surname=Rice
1151,surname=Rice,age=49
1152,name=Jason,surname=Atkins,age=48,city=Bologna
1153,name=Erica,age=34
1154,surname=Garrett,city=Verona
1155,age=36
1156,name=Jason,surname=Rodgers,city=Milano
1157,surname=Fox,height=162,city=Brescia
1158,surname=Rich,age=45
1159,age=49,city=Verona
1160,name=James,age=36
1161,city=Verona
1162,name=Beth,height=173
1163,name=Stephanie,age=39,city=Milano
1164,height=173,age=39
1165,surname=Lopez,height=182,city=Bolzano
1166,surname=Rich,age=48
1167,name=Katherine,age=34,city=Verona
1168,city=Brescia
1169,surname=Rice,age=48
1170,height=161,age=31,city=Rovereto
1171,name=Erica,height=173,age=34,city=Venezia
1172,age=39
1173,age=49
1174,name=Jason,surname=Rich
1175,surname=Villanueva
1176,age=42
1177,name=Dawn,surname=Fox,height=177,age=45,city=Bergamo
1178,name=Larry,surname=Garrett
1179,name=Jason,surname=Fox,height=150
1180,name=Beth,surname=Villanueva,city=Verona
1181,name=Katherine,age=39
1182,name=Larry,surname=Oneill,age=34,city=Rovereto
1183,age=44,city=Milano
1184,name=Katherine,age=45,city=Milano
1185,name=Katherine,height=169,age=42,city=Venezia
1186,name=Stephanie,surname=Garrett
1187,name=James,surname=Fox,height=162,city=Bergamo
1188,name=John,surname=Rice,height=150,age=42,city=Brescia
1189,name=Michael,age=34,city=Bolzano
1190,surname=Lopez,city=Venezia
1191,age=48,city=Torino
1192,name=Erica,surname=Snyder,age=36
1193,name=Katherine,surname=Oneill
1194,surname=Oneill,height=161,city=Trento
1195,name=James,height=169
1196,name=Dawn,age=34
1197,name=Beth,surname=Rich
1198,name=Michael,surname=Rodgers,height=182,age=49
1199,name=James,age=48,city=Verona
1200,name=Jason,surname=Garrett,age=31
1201,name=John,height=157
1202,height=177,age=31
1203,name=Erica,surname=Snyder,height=157,age=31,city=Torino
1204,age=41,city=Bergamo
1205,name=John,city=Verona
1206,name=Dawn,surname=Rice
1207,name=Michael,surname=Oneill,height=162,age=31,city=Rovereto
1208,height=152,age=45
1209,name=Michael
1210,name=Larry,age=45,city=Rovereto
1211,name=Erica,surname=Oneill,height=182
1212,surname=Rice
1213,name=Jason
1214,name=Beth,surname=Rich,height=152,age=39
1215,name=John,surname=Garrett,age=36
1216,name=Michael,surname=Snyder,height=162,city=Bolzano
1217,name=Beth,age=39
1218,surname=Rodgers,age=48
1219,name=Jason
1220,city=Venezia
1221,age=31,city=Verona
1222,name=Michael,age=36
1223,name=Dawn,surname=Rich,height=150,city=Venezia
1224,name=Dawn,city=Verona
1225,name=James,age=34,city=Bolzano
1226,name=Stephanie,surname=Rodgers,height=173
1227,name=Stephanie
1228,age=45,city=Venezia
1229,name=John,surname=Snyder,age=48
1230,name=Dawn,age=44
1231,surname=Snyder
1232,height=177
1233,name=Beth,city=Torino
1234,name=Erica,surname=Snyder
1235,surname=Garrett,height=157
1236,height=177,age=48,city=Verona
1237,name=James,age=36,city=Bolzano
1238,name=Erica,surname=Fox,age=48,city=Bologna
1239,age=41
1240,surname=Rich
1241,name=Katherine,height=161,age=34
1242,surname=Rice,height=150,age=41,city=Rovereto
1243,name=Larry,age=31,city=Trento
1244,name=John,height=177
1245,name=Jason,surname=Lopez
1246,surname=Atkins,height=161,city=Bolzano
1247,name=Katherine,height=157
1248,surname=Rice,height=152,age=36
1249,surname=Villanueva,age=36,city=Trento
1250,height=157,age=45,city=Verona
1251,height=157,age=49
1252,name=Stephanie,surname=Snyder,city=Bolzano
1253,surname=Villanueva,age=49
1254,name=James,surname=Rich,height=150
1255,name=Michael,height=169,age=48,city=Venezia
1256,name=John,surname=Fox
1257,surname=Fox,city=Torino
1258,name=Michael,height=161
1259,name=Erica
1260,name=Erica,height=157,city=Bolzano
1261,name=Jason,surname=Oneill,height=177,city=Bologna
1262,name=John,surname=Rice,height=169
1263,surname=Fox,age=34,city=Rovereto
1264,name=James,surname=Atkins
1265,name=Katherine,surname=Garrett,city=Bolzano
1266,surname=Rich,city=Venezia
1267,name=Michael,surname=Lopez
1268,surname=Snyder,age=45
1269,name=Jason,age=42
1270,height=152
1271,name=John,city=Milano
1272,name=Beth,age=45
1273,name=James,city=Trento
1274,name=Michael
1275,name=Beth,surname=Garrett,height=173,age=34,city=Bologna
1276,name=Stephanie,surname=Fox,age=31
1277,height=162,age=34,city=Bergamo
1278,name=Katherine,surname=Atkins,age=45
1279,height=173,age=49
1280,name=Michael,surname=Fox,age=34
1281,age=45,city=Torino
1282,age=49,city=Rovereto
1283,surname=Atkins,height=182,city=Brescia
1284,name=Dawn,surname=Oneill,height=150,age=36,city=Trento
1285,name=Jason,height=150,age=34,city=Rovereto
1286,age=49
1287,name=Dawn,age=44,city=Torino
1288,name=Stephanie,city=Milano
1289,name=Larry,surname=Garrett
1290,name=James,surname=Rice,height=188,age=31,city=Milano
1291,name=Erica,surname=Rodgers,age=39,city=Verona
1292,name=Dawn,surname=Oneill,city=Venezia
1293,surname=Atkins,city=Brescia
1294,name=Jason,height=152,age=44,city=Brescia
1295,height=182,age=49
1296,name=Michael,surname=Atkins,height=182,age=42,city=Trento
1297,name=Katherine,city=Rovereto
1298,height=173,age=42,city=Milano
1299,age=44,city=Trento
1300,name=Stephanie
1301,height=162
1302,name=Dawn,age=44
1303,surname=Fox,height=152,age=39
1304,name=Stephanie,city=Brescia
1305,name=Jason,height=150,city=Brescia
1306,surname=Lopez,age=41
1307,city=Rovereto
1308,name=Katherine,height=188,city=Trento
1309,surname=Fox,height=152,city=Brescia
1310,name=Erica,city=Bologna
1311,name=James,surname=Garrett,height=177,age=36
1312,name=Katherine,surname=Garrett,age=45,city=Bologna
1313,name=Beth,height=177,age=48
1314,surname=Rice
1315,name=Beth,age=45
1316,surname=Atkins,age=42,city=Bologna
1317,age=45,city=Rovereto
1318,name=Larry,surname=Oneill,height=173,age=36,city=Rovereto
1319,city=Brescia
1320,surname=Villanueva,height=152,age=44
1321,name=Katherine,surname=Atkins,height=162,age=36,city=Bolzano
1322,surname=Lopez,height=152,age=34,city=Bolzano
1323,age=39,city=Bolzano
1324,name=Erica
1325,name=Dawn,surname=Rodgers
1326,name=John,age=34,city=Verona
1327,height=177,age=44,city=Verona
1328,name=Michael,age=31,city=Trento
1329,city=Trento
1330,name=Dawn,age=41,city=Rovereto
1331,name=Stephanie,city=Brescia
1332,height=161
1333,age=36
1334,name=Erica,surname=Atkins,height=182,age=34,city=Milano
1335,name=Larry,city=Torino
1336,name=John,age=48,city=Torino
1337,name=Stephanie,surname=Snyder,age=48
1338,name=Michael,age=48
1339,name=Erica,age=36
1340,name=John,height=157,age=41
1341,surname=Garrett
1342,surname=Snyder,height=162,age=36
1343,city=Bologna
1344,surname=Snyder,height=188
1345,name=Katherine,surname=Rice
1346,city=Bolzano
1347,name=Erica,surname=Garrett,city=Bolzano
1348,name=Jason,age=36
1349,surname=Rich,height=177,city=Bologna
1350,name=Jason,height=157
1351,height=188,city=Torino
1352,name=Stephanie,city=Brescia
1353,age=49
1354,city=Brescia
1355,height=157,age=31
1356,surname=Snyder,height=162,age=39
1357,name=Beth,surname=Villanueva,city=Rovereto
1358,name=John,surname=Lopez,height=161,age=48,city=Bolzano
1359,height=162,age=44
1360,name=John,surname=Atkins,height=177,age=42
1361,name=Erica
1362,name=Michael,surname=Villanueva,age=42,city=Rovereto
1363,name=Katherine
1364,height=173,age=39
1365,name=Michael,age=36
1366,name=Dawn
1367,name=Jason,age=45
1368,name=Larry,city=Rovereto
1369,city=Bergamo
1370,name=Beth,city=Milano
1371,name=Erica,surname=Garrett,age=49,city=Verona
1372,name=James,surname=Fox,height=188,age=34,city=Verona
1373,name=Katherine,surname=Fox
1374,height=169
1375,height=150,age=45,city=Bergamo
1376,height=177,age=44
1377,height=152,city=Milano
1378,name=Michael,age=45
1379,name=Katherine,surname=Fox,city=Bolzano
1380,name=Stephanie,surname=Rich,height=157,age=34,city=Bergamo
1381,name=Jason,city=Venezia
1382,name=Erica,age=31
1383,name=Stephanie,age=48,city=Bergamo
1384,name=James,height=188
1385,height=162,age=48
1386,name=Larry,age=45
1387,height=161,age=44
1388,name=James,age=34,city=Milano
1389,age=31,city=Brescia
1390,name=Erica,surname=Fox,age=41,city=Torino
1391,name=James,surname=Rice,age=45,city=Verona
1392,city=Trento
1393,height=157,city=Trento
1394,height=169,city=Bolzano
1395,name=Jason,age=44,city=Venezia
1396,name=John,surname=Villanueva
1397,name=James,city=Bolzano
1398,height=182,age=34,city=Brescia
1399,age=34
1400,name=Larry,height=173,age=48,city=Milano
1401,name=Michael,surname=Rodgers,age=48,city=Torino
1402,surname=Lopez
1403,age=49
1404,name=Katherine,surname=Rodgers,height=162,age=44,city=Verona
1405,name=Katherine,height=161,age=36
1406,age=48,city=Rovereto
1407,surname=Atkins,age=31,city=Milano
1408,name=Jason,city=Torino
1409,surname=Rice
1410,name=Larry,age=49
1411,age=45
1412,name=Erica,surname=Snyder,height=157,age=42,city=Bergamo
1413,name=Erica,surname=Oneill,height=177,age=31
1414,name=Jason,surname=Rodgers,age=44
1415,name=Dawn,surname=Rodgers,height=150,age=49,city=Trento
1416,name=Michael,surname=Snyder,height=173,age=49,city=Venezia
1417,age=34
1418,name=Michael,age=31
1419,age=36,city=Venezia
1420,surname=Rice,age=45
1421,name=Jason,height=169
1422,height=188,age=41
1423,name=Larry,surname=Oneill,age=45,city=Torino
1424,name=Stephanie,city=Bolzano
1425,name=John,surname=Villanueva,height=157,city=Trento
1426,height=188,city=Milano
1427,name=Jason,surname=Atkins,age=42
1428,city=Milano
1429,name=Erica,surname=Oneill,city=Trento
1430,name=James,height=182,city=Bergamo
1431,name=Jason,surname=Lopez,height=161,age=41,city=Bolzano
1432,name=John,height=152,age=34,city=Bolzano
1433,name=Stephanie,surname=Garrett,height=152
1434,city=Bergamo
1435,name=Erica,age=42,city=Verona
1436,surname=Rich,height=173,city=Bolzano
1437,name=Beth,surname=Garrett,age=49,city=Milano
1438,surname=Rice,height=157,city=Rovereto
1439,surname=Lopez,age=34
1440,height=150,age=31,city=Brescia
1441,name=Erica,surname=Fox,height=177,age=41
1442,name=Erica,surname=Villanueva,age=42,city=Trento
1443,name=Beth,height=173
1444,name=Erica,surname=Fox,age=44
1445,surname=Lopez,height=177
1446,name=John
1447,surname=Oneill,height=161,age=45,city=Venezia
1448,height=188,city=Rovereto
1449,height=157
1450,age=45
1451,name=Jason,height=157
1452,surname=Rodgers,age=31,city=Bolzano
1453,surname=Villanueva,age=44
1454,name=Beth,height=182,city=Brescia
1455,name=Stephanie,surname=Rice,city=Milano
1456,name=Stephanie,age=41,city=Trento
1457,name=John
1458,name=Beth,age=48,city=Verona
1459,name=Michael,height=157,age=49,city=Brescia
1460,name=James,age=44
1461,height=177,city=Rovereto
1462,height=177
1463,name=Larry
1464,name=Erica
1465,surname=Garrett,age=36
1466,name=Jason,surname=Garrett,height=161,age=39,city=Milano
1467,name=Michael,age=34
1468,age=31,city=Verona
1469,name=Stephanie,surname=Snyder,height=150
1470,height=150
1471,height=150
1472,age=39
1473,surname=Villanueva
1474,name=James,age=36
1475,surname=Atkins,city=Bergamo
1476,name=Dawn
1477,surname=Rice,height=169,age=36
1478,name=Katherine
1479,name=Dawn,surname=Rich,city=Bergamo
1480,name=James,age=36,city=Torino
1481,surname=Fox,height=188,age=42
1482,city=Brescia
1483,age=49
1484,name=Larry,city=Bolzano
1485,age=34,city=Brescia
1486,name=Katherine,age=48,city=Bologna
1487,surname=Rice,height=173,city=Venezia
1488,name=Erica,surname=Garrett,height=173,age=42,city=Rovereto
1489,name=Erica,surname=Oneill,height=152,city=Trento
1490,height=162
1491,name=Dawn,age=36
1492,name=Michael,age=36
1493,age=39,city=Trento
1494,age=44
1495,name=Stephanie,surname=Snyder,height=150,age=48
1496,name=Beth,surname=Atkins,height=161,age=48,city=Verona
1497,name=Michael,surname=Rodgers
1498,surname=Rich,age=41,city=Bolzano
1499,name=James
1500,surname=Rich,age=31,city=Torino
1501,name=Erica,age=49,city=Milano
1502,age=36
1503,name=Dawn,surname=Oneill,height=173,age=31
1504,name=Larry,surname=Rice,city=Bolzano
1505,surname=Rice
1506,name=Stephanie,surname=Fox,height=161,age=42,city=Brescia
1507,height=177,age=39
1508,surname=Rich,age=34,city=Bolzano
1509,name=Beth
1510,city=Venezia
1511,name=James,surname=Villanueva,city=Verona
1512,height=173,age=48
1513,name=Jason
1514,surname=Oneill,age=42,city=Brescia
1515,surname=Rice,height=157,age=44
1516,age=41
1517,name=Erica,surname=Atkins
1518,name=Beth,surname=Snyder
1519,surname=Rice,height=182,age=41
1520,name=Jason
1521,name=Beth,surname=Lopez,age=34
1522,name=Erica,surname=Garrett
1523,name=Dawn,height=161,city=Torino
1524,name=James,city=Trento
1525,name=Larry,surname=Garrett,city=Trento
1526,name=John
1527,name=Katherine
1528,name=James,age=39,city=Venezia
1529,name=John,surname=Fox,city=Bergamo
1530,name=Beth
1531,name=Erica,surname=Rice,age=42
1532,name=Larry,height=177
1533,city=Verona
1534,name=Katherine,surname=Fox,city=Venezia
1535,name=John,city=Bologna
1536,name=Larry,city=Bologna
1537,height=188,age=44
1538,surname=Fox,height=162
1539,name=John,city=Bologna
1540,name=Larry,height=177,age=45
1541,name=James,age=48,city=Torino
1542,name=Stephanie,age=42,city=Bologna
1543,name=Dawn,surname=Rodgers
1544,name=James,age=42,city=Brescia
1545,name=Katherine,surname=Rodgers,age=48,city=Bologna
1546,surname=Oneill,height=173,age=44,city=Trento
1547,surname=Fox,city=Rovereto
1548,name=Michael,city=Torino
1549,name=Larry,height=169,age=41
1550,surname=Snyder,age=45
1551,name=Beth,surname=Lopez,age=48,city=Verona
1552,name=James,surname=Lopez,age=42,city=Rovereto
1553,name=Larry
1554,name=Erica,age=42
1555,name=Katherine,age=36
1556,name=Erica,surname=Atkins,height=150,age=48,city=Brescia
1557,name=Erica,age=42
1558,name=Stephanie,surname=Oneill,height=182,age=31
1559,name=Larry
1560,name=Dawn,surname=Snyder
1561,name=John,height=157,city=Torino
1562,surname=Atkins,age=39
1563,surname=Rodgers,height=177,age=31,city=Torino
1564,name=James,surname=Atkins
1565,surname=Lopez,age=41,city=Rovereto
1566,name=Erica,city=Trento
1567,height=182,age=49,city=Brescia
1568,surname=Villanueva,height=173,age=41
1569,name=Beth
1570,name=Erica,age=45,city=Bergamo
1571,name=Jason,city=Verona
1572,name=John,height=188,city=Venezia
1573,surname=Atkins
1574,name=Erica,age=44
1575,name=Dawn,surname=Garrett,height=169,age=44,city=Torino
1576,surname=Snyder
1577,name=Erica,height=157,age=31,city=Rovereto
1578,age=45
1579,name=Katherine,age=31
1580,height=188
1581,surname=Snyder
1582,name=Dawn,age=36
1583,name=Erica,surname=Rodgers,age=49
1584,city=Venezia
1585,age=42
1586,age=41
1587,name=Erica,age=31
1588,name=Jason,surname=Lopez,height=182,age=36,city=Venezia
1589,surname=Villanueva,height=162,age=39,city=Torino
1590,name=Katherine,surname=Snyder,age=42,city=Verona
1591,surname=Rice
1592,age=42
1593,surname=Villanueva,age=44,city=Bolzano
1594,surname=Villanueva,age=48
1595,name=James,height=152
1596,surname=Oneill,age=48,city=Milano
1597,name=Stephanie,surname=Fox,height=152,age=45
1598,name=Jason,surname=Rich,age=44,city=Rovereto
1599,name=Katherine,surname=Rodgers,age=45
