0,surname=Atkins,city=Venezia
1,surname=Garrett,age=45
2,name=Erica,surname=Atkins,height=177,age=34,city=Brescia
3,height=169
4,name=Katherine,city=Torino
5,surname=Lopez,age=39,city=Bolzano
6,surname=Garrett,age=34
7,age=49
8,name=Beth,surname=Fox,height=173,age=36,city=Bolzano
9,height=188
10,name=Jason,age=41,city=Bologna
11,surname=Rodgers,age=36
12,surname=Fox,age=39,city=Brescia
13,city=Torino
14,name=James,height=157,age=39
15,surname=Rodgers,age=36
16,age=42,city=Rovereto
17,name=Katherine,surname=Rodgers,age=39,city=Bergamo
18,name=Michael,height=157,age=34,city=Bolzano
19,age=31
20,name=Stephanie,height=150,age=31
21,name=Katherine,city=Bergamo
22,name=Erica
23,age=49,city=Verona
24,name=James,age=41,city=Bologna
25,height=182,city=Bolzano
26,surname=Fox,age=36,city=Milano
27,city=Bologna
28,age=45
29,height=161,city=Trento
30,surname=Oneill,age=41,city=Brescia
31,age=42,city=Torino
32,height=177,city=Verona
33,name=Dawn,surname=Villanueva,age=42,city=Torino
34,name=Jason
35,name=Katherine,surname=Atkins,height=152,age=39,city=Bolzano
36,name=Michael,age=49,city=Rovereto
37,name=Michael
38,surname=Atkins,height=152,age=34
39,height=162
40,name=Katherine,surname=Atkins,height=162,age=31,city=Venezia
41,age=41
42,name=Beth,surname=Rich,height=177,city=Brescia
43,height=161,age=42,city=Venezia
44,name=Jason
45,name=Stephanie,city=Torino
46,name=John,age=39
47,name=Beth,age=34,city=Bergamo
48,name=Dawn,height=162,city=Torino
49,name=Dawn,height=150
50,age=49
51,name=Michael,surname=Fox
52,name=Erica,age=36
53,name=Katherine,surname=Atkins,age=42
54,name=Stephanie,height=150,age=45
55,surname=Atkins
56,name=Katherine,age=34,city=Bolzano
57,name=Katherine,height=182,city=Milano
58,surname=Snyder,height=188
59,name=Erica,surname=Oneill,height=152,age=44,city=Milano
60,height=173,age=42,city=Bolzano
61,name=John,surname=Rich,height=173,age=31
62,name=James
63,surname=Rich,city=Rovereto
64,height=150
65,name=Larry,surname=Rice,city=Bologna
66,surname=Oneill,age=39
67,surname=Villanueva,height=177
68,name=Stephanie,height=152,age=48
69,surname=Atkins,height=161,age=34,city=Venezia
70,height=152,age=41,city=Bolzano
71,name=Erica,surname=Villanueva
72,name=Michael,surname=Lopez,height=162,age=34,city=Milano
73,name=Dawn,city=Venezia
74,surname=Rodgers,height=162,age=41,city=Venezia
75,age=45
76,surname=Oneill,height=177
77,name=Dawn,surname=Rice,city=Brescia
78,name=Katherine
79,name=Erica,surname=Snyder,age=34
80,name=Stephanie,height=177,city=Milano
81,name=Erica,surname=Rodgers,age=31
82,age=41,city=Verona
83,name=Katherine,surname=Garrett,height=177
84,surname=Rice,age=36
85,height=188,age=49
86,name=Stephanie,height=161,city=Rovereto
87,surname=Rice,city=Brescia
88,name=Stephanie,height=161,age=31
89,height=157,age=31,city=Brescia
90,name=James,surname=Rich,age=49,city=Bologna
91,surname=Snyder,height=162,age=45
92,height=161,age=48,city=Milano
93,name=Jason,surname=Snyder,height=177,age=41,city=Trento
94,surname=Snyder,height=182,age=36,city=Bologna
95,height=188,age=44,city=Brescia
96,name=James,city=Trento
97,name=Dawn,height=173,age=48,city=Rovereto
98,name=John,height=161,city=Bologna
99,surname=Lopez,age=31,city=Brescia
100,name=Beth,age=41,city=Brescia
101,surname=Garrett,age=39,city=Torino
102,name=Dawn,age=48
103,surname=Garrett
104,name=Larry,surname=Fox,height=162,age=42,city=Torino
105,name=Stephanie,height=157,age=31
106,name=Jason,age=36
107,name=Jason,height=157,age=48
108,name=Stephanie,surname=Lopez,age=48,city=Bolzano
109,height=177,age=48
110,surname=Garrett
111,height=162,city=Bolzano
112,surname=Garrett,city=Torino
113,name=Beth,height=182,city=Venezia
114,surname=Snyder
115,name=Stephanie,age=48
116,height=182
117,name=Stephanie,city=Verona
118,name=Larry,surname=Rice,height=161,age=48,city=Bolzano
119,name=Erica,surname=Oneill,age=31
120,name=Erica,surname=Oneill
121,name=Michael,surname=Garrett,height=150,age=49,city=Bolzano
122,name=Katherine,surname=Snyder,height=161
123,name=Larry,city=Bologna
124,surname=Fox
125,surname=Oneill,city=Verona
126,age=36
127,name=Michael,height=162,age=48,city=Verona
128,surname=Rodgers
129,name=Michael,height=162
130,name=Larry,surname=Villanueva,height=150,age=49,city=Bolzano
131,name=Dawn,surname=Rodgers,age=41
132,city=Torino
133,name=James,surname=Lopez,age=45
134,city=Bologna
135,name=Dawn,surname=Snyder,height=177,age=34,city=Venezia
136,surname=Rice,age=42
137,surname=Fox,age=44
138,height=169,age=31,city=Brescia
139,surname=Rich,height=161
140,name=Dawn,surname=Garrett,height=152,age=42,city=Bolzano
141,name=Michael,surname=Atkins
142,city=Brescia
143,name=Jason,surname=Oneill,age=49
144,surname=Villanueva,age=31,city=Milano
145,name=Larry
146,surname=Rodgers,age=45,city=Torino
147,height=157
148,name=Beth,age=34
149,surname=Lopez,height=150,age=48,city=Bologna
150,surname=Oneill,age=45,city=Brescia
151,name=Beth,surname=Rich,city=Verona
152,surname=Atkins
153,city=Trento
154,name=Jason,height=161,age=36
155,surname=Rice,height=157,age=49,city=Trento
156,name=Larry,surname=Fox,age=36,city=Bologna
157,name=Beth,surname=Rich,height=177,age=39,city=Rovereto
158,name=Dawn,age=48
159,name=Larry,surname=Garrett,city=Bolzano
160,city=Brescia
161,name=Michael,surname=Oneill,height=152,age=34,city=Bologna
162,name=John,age=49,city=Milano
163,surname=Rice,height=150,age=42
164,name=Jason,height=177,age=42,city=Torino
165,surname=Rodgers,height=157,city=Venezia
166,name=James,age=41,city=Bergamo
167,age=44,city=Bologna
168,age=42,city=Trento
169,age=45,city=Brescia
170,name=Stephanie,age=36,city=Torino
171,city=Rovereto
172,name=Jason,city=Bolzano
173,surname=Fox,height=152
174,surname=Atkins,age=34
175,name=Beth,age=31,city=Verona
176,surname=Villanueva,city=Torino
177,name=James,surname=Atkins,height=157,age=44,city=Rovereto
178,name=Jason
179,surname=Garrett,age=42
180,name=John,surname=Rodgers,age=45,city=Verona
181,name=John,height=169,city=Verona
182,name=Erica,city=Trento
183,age=41,city=Milano
184,height=161,city=Bergamo
185,age=41,city=Brescia
186,name=Beth
187,name=Michael,age=34
188,name=Jason,age=49,city=Rovereto
189,name=Katherine,city=Trento
190,name=Dawn,surname=Rice,height=161,city=Bologna
191,name=Jason,surname=Rice,city=Torino
192,height=157,city=Brescia
193,name=Jason,surname=Lopez,age=45,city=Bergamo
194,name=Stephanie,surname=Villanueva
195,height=157,age=34,city=Venezia
196,surname=Oneill,height=161,city=Torino
197,name=James,height=161
198,surname=Atkins,age=39,city=Bolzano
199,surname=Rice,height=188
200,name=Stephanie,age=48
201,name=Jason,surname=Lopez,city=Torino
202,surname=Rich,height=182,age=39,city=Bergamo
203,name=Erica,city=Rovereto
204,name=Stephanie,age=36
205,surname=Atkins,height=152
206,surname=Garrett,height=161,age=45,city=Milano
207,name=James
208,name=James,age=44
209,name=Dawn,age=39,city=Venezia
210,name=Erica
211,surname=Lopez,city=Trento
212,surname=Rich,city=Verona
213,name=Beth,age=42,city=Bolzano
214,name=James,age=48,city=Brescia
215,name=John,surname=Oneill,age=41
216,name=Dawn,height=177,city=Rovereto
217,height=162
218,height=182,age=31
219,height=157
220,city=Bologna
221,surname=Oneill,age=31
222,name=John,age=45,city=Verona
223,name=Dawn,surname=Fox,city=Rovereto
224,name=Stephanie,height=157,age=31,city=Bergamo
225,name=Beth
226,surname=Snyder,age=48,city=Milano
227,surname=Oneill,age=49,city=Milano
228,name=Katherine,height=169,city=Rovereto
229,name=Michael,surname=Rice
230,surname=Villanueva,age=39,city=Brescia
231,surname=Rice,city=Rovereto
232,city=Torino
233,name=Erica,surname=Snyder,age=49,city=Brescia
234,name=Katherine,age=39,city=Rovereto
235,age=41,city=Trento
236,surname=Oneill
237,surname=Rodgers,age=41
238,height=182
239,height=152
240,name=Larry,surname=Rice,city=Rovereto
241,age=31
242,name=Dawn
243,surname=Atkins,city=Bergamo
244,name=Beth,surname=Garrett,city=Brescia
245,name=Erica,surname=Lopez
246,name=Dawn,age=34,city=Bologna
247,name=Michael,city=Bergamo
248,height=152,city=Bolzano
249,height=188,age=48
250,surname=Fox
251,age=49,city=Bergamo
252,surname=Lopez,height=173,age=49,city=Trento
253,height=177
254,city=Trento
255,name=Erica,surname=Fox,age=31,city=Brescia
256,name=Larry,height=188,city=Bologna
257,city=Venezia
258,height=162
259,surname=Garrett,height=161,age=42
260,city=Bolzano
261,name=Larry,age=34
262,age=44,city=Milano
263,height=152,city=Milano
264,name=Beth,surname=Garrett,height=157
265,height=157
266,name=Stephanie,surname=Garrett,age=48,city=Bolzano
267,height=169
268,age=45,city=Rovereto
269,age=44
270,name=Michael,surname=Rich
271,surname=Rodgers,city=Torino
272,name=James,surname=Garrett,height=162,age=44,city=Bolzano
273,surname=Villanueva,city=Trento
274,surname=Atkins,city=Rovereto
275,name=Erica,age=42,city=Bologna
276,city=Bergamo
277,surname=Lopez,age=39
278,name=Michael,surname=Rodgers,age=34
279,surname=Lopez,age=41,city=Verona
280,name=John,surname=Oneill
281,surname=Rodgers,height=169,age=42
282,name=Stephanie,surname=Oneill,age=34
283,name=Dawn,age=34,city=Verona
284,name=Beth,height=162,age=34,city=Rovereto
285,name=Dawn,surname=Fox,city=Bologna
286,city=Bergamo
287,surname=Rich,age=49
288,height=169,city=Bergamo
289,name=Dawn,surname=Fox
290,surname=Villanueva,city=Rovereto
291,surname=Snyder,height=162,city=Milano
292,name=Michael,surname=Fox,height=177,age=39,city=Rovereto
293,name=Dawn,height=161
294,height=161,city=Verona
295,name=Larry,age=41
296,height=177,age=44
297,name=Stephanie,height=161,age=42,city=Verona
298,name=John,surname=Atkins,age=48,city=Milano
299,height=177,age=31
300,name=Beth,age=39,city=Brescia
301,surname=Garrett,age=41,city=Milano
302,name=James,surname=Rich,height=152,age=45
303,surname=Villanueva,age=34,city=Venezia
304,name=Dawn,surname=Atkins,age=44,city=Brescia
305,name=John
306,name=Beth,surname=Rice,city=Rovereto
307,surname=Rich,height=150,age=41,city=Bergamo
308,city=Brescia
309,surname=Villanueva,height=182,age=44,city=Brescia
310,name=Erica,age=49,city=Brescia
311,age=34
312,name=Larry,surname=Garrett,height=177,age=49
313,name=Michael,height=150,age=41,city=Bergamo
314,name=James
315,surname=Rice,height=182,age=41,city=Trento
316,name=John,height=161,age=45
317,height=162,city=Venezia
318,name=Beth
319,name=Jason,surname=Lopez,age=42,city=Bologna
320,name=James,surname=Fox
321,name=Stephanie,surname=Rodgers,height=152,city=Bolzano
322,surname=Snyder,age=41,city=Bergamo
323,name=Larry,height=173,age=36,city=Verona
324,name=Katherine,surname=Garrett,height=169,age=48,city=Venezia
325,name=Larry,city=Milano
326,name=Beth,city=Torino
327,name=Larry,height=150,age=34,city=Brescia
328,name=Larry,surname=Oneill,height=150,age=45,city=Torino
329,name=Erica,age=42,city=Rovereto
330,age=36,city=Bolzano
331,name=James,surname=Oneill,height=161,city=Brescia
332,surname=Rodgers
333,name=James,surname=Atkins,height=162
334,name=Michael,height=173,age=48
335,age=31,city=Milano
336,name=Larry,surname=Oneill,age=39,city=Milano
337,height=150
338,name=Larry,city=Venezia
339,city=Venezia
340,surname=Garrett,city=Bolzano
341,age=45
342,name=Erica
343,name=James
344,age=44
345,name=James
346,name=Erica,height=161,age=34,city=Brescia
347,name=John,height=188
348,name=Erica,height=188,age=36,city=Venezia
349,name=James,city=Bologna
350,name=Jason,height=157,city=Brescia
351,name=Dawn,surname=Atkins,city=Venezia
352,name=Jason,age=34
353,name=Beth,age=36
354,age=42,city=Bolzano
355,name=James,surname=Snyder,height=169,age=39,city=Bologna
356,surname=Garrett
357,name=Stephanie,surname=Fox,height=182,age=36,city=Milano
358,name=Michael,surname=Fox,age=48
359,height=152
360,surname=Atkins,age=41,city=Torino
361,name=James,height=188,age=49,city=Bolzano
362,surname=Rice,age=49,city=Bologna
363,surname=Fox,age=42,city=Venezia
364,name=Michael,age=41
365,name=Katherine,age=31
366,height=162,city=Venezia
367,name=Dawn,height=161,age=39
368,age=41,city=Bologna
369,name=John,city=Bolzano
370,surname=Rodgers,height=173,age=36,city=Brescia
371,age=45,city=Torino
372,surname=Rodgers,city=Trento
373,name=James,surname=Villanueva,height=150,age=48,city=Bolzano
374,surname=Atkins,age=45,city=Venezia
375,name=Larry,surname=Oneill,age=49,city=Milano
376,surname=Rice,age=41
377,name=Beth,age=42,city=Venezia
378,name=John,surname=Snyder,city=Milano
379,name=Beth,height=161
380,name=Jason,age=41
381,name=Beth,surname=Rodgers,city=Venezia
382,height=188
383,city=Bologna
384,name=Katherine,height=161
385,surname=Rich,height=161
386,height=182
387,surname=Rodgers,age=49
388,surname=Atkins
389,surname=Snyder,city=Verona
390,surname=Rich,height=188,age=49,city=Milano
391,name=Dawn,city=Bologna
392,age=36,city=Bologna
393,name=Beth,surname=Rodgers,height=152,age=34,city=Trento
394,city=Bologna
395,surname=Rodgers,age=44,city=Brescia
396,surname=Rice,city=Bergamo
397,name=John,surname=Oneill,city=Brescia
398,age=44,city=Bologna
399,name=Beth,height=182
