0,name=Katherine,city=Brescia
1,surname=Rich,height=177,city=Bergamo
2,surname=Fox,height=173,age=41
3,name=Beth,surname=Fox,height=152,age=42,city=Bergamo
4,name=Michael
5,name=John,city=Venezia
6,name=Michael,surname=Atkins,height=173,age=31,city=Trento
7,name=Michael,city=Rovereto
8,name=Larry,age=44
9,name=Larry,surname=Snyder
10,age=42,city=Venezia
11,surname=Atkins
12,surname=Rice
13,name=Larry,surname=Oneill,height=161
14,name=Michael,age=34,city=Bologna
15,city=Brescia
16,name=Jason,surname=Rich,height=169,age=44,city=Milano
17,age=36
18,name=Larry,surname=Rice
19,name=Katherine,surname=Rice,height=162,age=48,city=Bologna
20,age=44,city=Bolzano
21,name=Beth,height=188,city=Rovereto
22,surname=Fox,height=152,age=42
23,name=Beth,age=44
24,name=Michael,city=Verona
25,age=34,city=Trento
26,age=45,city=Bolzano
27,name=Beth
28,name=Beth,age=41
29,surname=Villanueva
30,surname=Oneill,height=169
31,name=John
32,name=Erica,age=48
33,name=Katherine,surname=Rice,age=31
34,surname=Villanueva,age=44
35,name=Michael,city=Bergamo
36,name=John,surname=Lopez,age=49,city=Brescia
37,surname=Garrett,age=41
38,name=Erica,city=Bologna
39,name=Michael,surname=Rodgers,height=182,age=36
40,height=182
41,name=James,surname=Rodgers,age=36
42,surname=Snyder
43,name=Beth,city=Rovereto
44,age=34
45,height=150,age=31
46,name=John
47,height=150,city=Rovereto
48,surname=Fox
49,surname=Lopez,age=41
50,name=Erica,surname=Garrett,city=Torino
51,height=169,city=Verona
52,height=182,city=Venezia
53,surname=Lopez,city=Brescia
54,name=Larry,age=44,city=Milano
55,name=Beth
56,name=John,surname=Oneill,age=41,city=Verona
57,name=Dawn,city=Rovereto
58,height=152,city=Rovereto
59,height=150,age=42,city=Bologna
60,name=Dawn,age=39,city=Bolzano
61,surname=Garrett
62,age=34
63,name=James,surname=Oneill,height=169,age=34
64,name=Dawn,city=Torino
65,name=Erica,age=31,city=Brescia
66,surname=Rice,age=39,city=Rovereto
67,name=Beth,surname=Rich
68,name=Michael,height=169,city=Milano
69,name=James,age=48
70,name=Michael
71,name=Stephanie
72,name=Jason,surname=Lopez,age=48
73,surname=Villanueva
74,surname=Villanueva,age=31,city=Trento
75,surname=Rodgers,height=188
76,height=152,age=34
77,surname=Garrett
78,name=John,height=177,age=42,city=Bologna
79,city=Bolzano
80,name=Erica,surname=Atkins
81,name=Jason,age=44
82,name=Stephanie,surname=Snyder,height=157,city=Bologna
83,surname=Lopez,age=36
84,name=James,city=Milano
85,name=James,age=49,city=Torino
86,age=45
87,name=Erica,city=Milano
88,name=Larry,surname=Lopez,city=Bergamo
89,name=John,surname=Garrett,height=150,age=44,city=Venezia
90,height=157,city=Verona
91,age=42,city=Bergamo
92,surname=Fox,height=157,age=48,city=Bolzano
93,surname=Rich,age=31,city=Brescia
94,surname=Fox,height=173,city=Bolzano
95,name=James,height=173,age=49
96,name=Michael,surname=Oneill,height=161,age=31,city=Verona
97,name=Beth,surname=Rice,height=162,age=34,city=Venezia
98,name=Jason,surname=Villanueva
99,height=162,age=48
100,name=Michael,surname=Fox,city=Bergamo
101,name=Stephanie
102,name=Katherine,surname=Atkins,city=Venezia
103,city=Bergamo
104,name=Dawn,surname=Oneill,age=41,city=Verona
105,surname=Snyder,age=41
106,name=Stephanie,age=49,city=Bergamo
107,surname=Atkins,age=49
108,name=Stephanie,city=Verona
109,city=Verona
110,age=48,city=Milano
111,city=Bergamo
112,name=Larry,age=31
113,name=James,height=150,city=Brescia
114,name=Michael,age=45,city=Rovereto
115,age=48
116,surname=Villanueva,age=42
117,name=James,surname=Garrett,height=182,age=36
118,surname=Rodgers,city=Torino
119,surname=Lopez,age=48,city=Bologna
120,name=Michael,surname=Villanueva,height=157,age=42,city=Rovereto
121,name=Dawn,surname=Rice,height=152,age=49
122,height=169,age=41,city=Venezia
123,surname=Garrett,age=42,city=Venezia
124,city=Trento
125,surname=Rice,city=Bolzano
126,surname=Rich,city=Rovereto
127,age=34
128,name=Stephanie,height=162,age=31,city=Bolzano
129,age=39,city=Trento
130,name=Dawn,age=49,city=Torino
131,name=John,height=188,city=Milano
132,surname=Garrett,city=Torino
133,surname=Rich,height=188,city=Rovereto
134,name=John,surname=Garrett,age=45,city=Brescia
135,name=Katherine,age=36
136,name=Jason,surname=Snyder,height=150,age=41,city=Verona
137,name=Katherine,height=162
138,name=Erica,surname=Snyder,height=152,age=39,city=Milano
139,name=Michael,city=Brescia
140,surname=Fox,age=49,city=Venezia
141,name=Erica,height=152,age=42
142,name=Katherine,height=182,age=34
143,name=Jason,surname=Fox,city=Rovereto
144,name=Beth,surname=Rodgers,city=Torino
145,name=James,age=45,city=Milano
146,name=Larry,age=49
147,surname=Fox,age=44,city=Bergamo
148,height=188
149,surname=Atkins,city=Verona
150,surname=Oneill,height=177,age=44
151,name=Larry,age=42,city=Brescia
152,name=John,height=162
153,name=Beth,surname=Fox
154,name=Katherine,city=Venezia
155,name=Erica
156,name=Katherine,surname=Rice,height=188,age=49,city=Trento
157,surname=Rodgers,age=34
158,height=150,age=34,city=Torino
159,surname=Rich
160,age=34,city=Brescia
161,surname=Atkins
162,name=James,surname=Lopez,age=45
163,name=Dawn,surname=Atkins,height=188,age=44,city=Verona
164,city=Bologna
165,name=Michael,city=Milano
166,height=169,age=42,city=Verona
167,name=Larry,surname=Rodgers
168,name=Erica,surname=Rich,height=157,age=36,city=Trento
169,name=Michael,surname=Garrett
170,city=Torino
171,name=John,age=36
172,surname=Garrett,age=31
173,height=182,age=48,city=Rovereto
174,height=188,age=31
175,surname=Garrett,age=41
176,name=Erica,surname=Atkins,height=161,age=49,city=Torino
177,name=Beth,surname=Garrett,city=Brescia
178,surname=Rich,age=31
179,name=Larry,surname=Garrett,height=188,age=42,city=Brescia
180,name=Erica
181,name=Michael,surname=Garrett,age=44,city=Rovereto
182,name=Jason,height=182,age=31
183,name=Michael,age=49
184,surname=Rodgers,city=Bolzano
185,name=Erica,surname=Oneill,height=182,age=48,city=Rovereto
186,name=Michael,surname=Lopez,height=182
187,name=John,surname=Lopez,height=152,age=36,city=Trento
188,name=John
189,name=Michael,height=162
190,name=Katherine
191,surname=Rodgers,height=182,age=31
192,height=161,city=Verona
193,name=Erica,surname=Fox,height=161
194,name=Stephanie,surname=Lopez
195,name=Beth,age=48,city=Bolzano
196,name=Beth,surname=Atkins,height=161
197,surname=Villanueva,height=173
198,name=John,height=169,age=34,city=Torino
199,height=169,age=31,city=Bergamo
200,surname=Garrett
201,name=Katherine,surname=Fox
202,name=Erica,age=48
203,name=Stephanie,height=188,age=48,city=Milano
204,city=Bergamo
205,name=Erica,surname=Rich,age=34
206,name=John,surname=Villanueva,height=177,age=49,city=Bologna
207,name=Beth,age=49
208,age=44
209,height=157,age=41
210,surname=Garrett,age=31
211,name=Beth,surname=Snyder,age=34,city=Venezia
212,name=Beth,age=34,city=Rovereto
213,name=James
214,surname=Atkins,height=188
215,name=Dawn,surname=Lopez,city=Milano
216,name=Dawn,city=Bergamo
217,name=Dawn,surname=Rodgers,age=34,city=Venezia
218,height=177,age=41
219,name=Larry,city=Torino
220,surname=Rodgers,age=42,city=Brescia
221,age=39
222,name=James,city=Venezia
223,age=44,city=Torino
224,name=Larry,age=45
225,name=Larry,city=Torino
226,name=Michael,city=Rovereto
227,name=Stephanie,surname=Garrett,age=45,city=Verona
228,name=Beth,height=182,age=39
229,surname=Atkins,city=Trento
230,surname=Rice,age=44
231,age=44
232,surname=Lopez,age=31
233,age=48,city=Milano
234,surname=Rodgers,age=39
235,name=James,height=152,age=39
236,name=Dawn,surname=Rodgers,height=162
237,surname=Rice,age=41
238,name=Stephanie,city=Brescia
239,name=John,age=45,city=Bergamo
240,age=39
241,surname=Garrett
242,name=Stephanie,surname=Snyder,height=177,age=36,city=Trento
243,city=Verona
244,name=Katherine,surname=Snyder,city=Milano
245,name=Dawn,age=48
246,name=Stephanie,city=Rovereto
247,surname=Rodgers,height=188,age=45,city=Bolzano
248,surname=Fox,age=31,city=Rovereto
249,name=Jason,age=41,city=Rovereto
250,age=45
251,name=John,surname=Rodgers,height=161,age=48
252,name=Larry,surname=Snyder,age=41
253,name=Larry,age=39,city=Torino
254,name=Dawn,height=173,age=31
255,city=Rovereto
256,name=Katherine
257,name=James,surname=Oneill,height=188,age=31,city=Torino
258,age=48
259,name=Dawn,age=45
260,surname=Oneill,age=45
261,name=Stephanie,surname=Rich,age=42,city=Bologna
262,height=152,age=41,city=Bologna
263,name=Stephanie,age=39,city=Bologna
264,age=44,city=Bologna
265,name=Dawn,age=36,city=Verona
266,name=Beth,height=162,age=39
267,name=Michael,surname=Rich,age=42
268,name=Stephanie,surname=Lopez,age=44,city=Bologna
269,name=Erica,age=39,city=Trento
270,surname=Garrett,height=152,age=39
271,name=Michael,age=44,city=Rovereto
272,name=Larry,surname=Snyder
273,name=Larry
274,surname=Rodgers,age=36,city=Milano
275,name=Katherine,surname=Oneill,height=152
276,height=188,city=Brescia
277,name=Erica,age=31
278,name=Dawn,surname=Atkins,height=150,age=39,city=Brescia
279,height=169,age=44
280,name=Beth,height=169,city=Torino
281,surname=Garrett,age=31,city=Bolzano
282,height=161,age=41
283,city=Milano
284,surname=Garrett,city=Venezia
285,surname=Rice,city=Rovereto
286,age=31,city=Venezia
287,city=Rovereto
288,surname=Villanueva,height=150,age=34
289,surname=Atkins,height=161,age=44,city=Verona
290,name=Stephanie,age=41
291,name=Erica
292,name=James
293,height=173,age=34
294,surname=Fox,height=182,age=36,city=Venezia
295,surname=Villanueva,age=39
296,surname=Snyder,age=49
297,name=Dawn,surname=Rich
298,name=Beth,surname=Snyder,age=45,city=Bologna
299,height=150,age=49
300,name=Beth,surname=Lopez
301,age=44,city=Bergamo
302,surname=Rice,age=39
303,name=Stephanie,age=42
304,height=173,age=45,city=Venezia
305,age=42,city=Milano
306,surname=Lopez,age=39,city=Rovereto
307,city=Bolzano
308,surname=Garrett,height=173
309,name=Jason,surname=Oneill,age=48,city=Milano
310,surname=Lopez,height=177,age=42,city=Bolzano
311,name=John,height=161,age=48,city=Rovereto
312,name=Stephanie,surname=Villanueva
313,name=Michael,city=Torino
314,age=48
315,age=49
316,name=Stephanie,height=173,age=41,city=Bergamo
317,name=John,age=42
318,surname=Villanueva,age=49
319,name=John,height=150,city=Brescia
320,name=Stephanie,height=169
321,name=Jason,surname=Atkins,age=44,city=Bologna
322,name=Jason,surname=Garrett,height=169,age=48,city=Milano
323,age=31
324,name=Erica,height=150
325,name=Michael,height=152,age=41,city=Trento
326,name=Beth,height=173,city=Bolzano
327,city=Rovereto
328,name=John,height=152,age=39,city=Bologna
329,name=Jason,age=49
330,name=Jason,height=162,city=Brescia
331,surname=Atkins,height=157,age=31,city=Verona
332,height=169,city=Bergamo
333,name=Jason,city=Verona
334,age=41,city=Milano
335,name=Dawn,surname=Oneill,age=41
336,name=Michael,surname=Rich,height=150,age=41,city=Torino
337,height=162,age=45
338,name=James,city=Verona
339,surname=Villanueva,city=Torino
340,name=Erica,surname=Snyder,age=44,city=Bergamo
341,name=Katherine,surname=Villanueva,height=150,age=31,city=Bergamo
342,name=Larry,surname=Villanueva,height=188,age=45
343,height=169,city=Venezia
344,age=44
345,height=169
346,name=Michael,surname=Rodgers,height=161,age=36,city=Bologna
347,surname=Atkins,age=48
348,name=Stephanie,height=177,city=Bergamo
349,name=Larry,surname=Lopez
350,name=James,height=182,age=44,city=Rovereto
351,name=Erica,surname=Atkins,city=Torino
352,name=John
353,name=Stephanie,surname=Rice,age=36,city=Trento
354,surname=Garrett,age=34,city=Torino
355,name=Larry,age=45,city=Venezia
356,surname=Rice
357,surname=Rice,height=157,city=Bolzano
358,name=Beth,surname=Fox,height=162,age=31,city=Brescia
359,height=161,age=45
360,name=James,surname=Villanueva,city=Trento
361,surname=Villanueva,age=45,city=Rovereto
362,name=Jason,surname=Atkins,city=Bologna
363,name=Michael,surname=Rodgers,height=157,age=45,city=Bologna
364,city=Bolzano
365,name=Stephanie,surname=Rich,age=34
366,name=Jason,age=36
367,age=42,city=Brescia
368,name=Beth
369,height=161,city=Bolzano
370,name=Katherine
371,name=Beth,city=Torino
372,name=John,age=39
373,height=150,age=31
374,age=36
375,height=150,age=39,city=Milano
376,age=48
377,height=182,age=36
378,name=Dawn,surname=Fox,age=45
379,name=Jason,surname=Lopez,height=182,age=31,city=Bologna
380,name=John,surname=Villanueva,age=39
381,name=Katherine,surname=Rich,age=48,city=Venezia
382,name=Erica
383,surname=Rodgers,age=45
384,city=Bolzano
385,name=Larry,surname=Rice,city=Venezia
386,name=Katherine,height=161,city=Brescia
387,name=John,surname=Rich,age=41,city=Trento
388,name=Katherine,age=41
389,surname=Atkins,city=Brescia
390,name=Katherine,surname=Rodgers,height=157,age=36,city=Brescia
391,surname=Garrett,age=42
392,name=Katherine,surname=Villanueva
393,name=Dawn
394,name=Stephanie,surname=Villanueva,age=39,city=Venezia
395,surname=Atkins,height=152,city=Rovereto
396,name=James,surname=Garrett,height=162,age=45,city=Torino
397,height=161,age=39,city=Venezia
398,name=Katherine,surname=Rodgers
399,surname=Rodgers,city=Rovereto
