0,surname=Horne,age=37
1,name=Sonia,age=38,city=Verona
2,name=Sonia,surname=Schmidt,height=155,age=40,city=Milano
3,name=Sarah,height=173
4,name=Robert,city=Bergamo
5,surname=Hinton,city=Trento
6,name=Matthew,surname=Hernandez
7,name=Robert,height=183,age=34,city=Brescia
8,surname=Holloway
9,name=Robert
10,name=Barbara,age=34,city=Bolzano
11,name=David,surname=Schmidt
12,height=183,age=37,city=Milano
13,surname=Stewart,age=37
14,age=47,city=Bologna
15,name=Barbara,surname=Stewart,age=34,city=Bolzano
16,name=Matthew,age=33
17,height=188,age=41
18,surname=Mahoney,city=Bergamo
19,name=Matthew,surname=Horne
20,surname=Stewart,city=Rovereto
21,surname=White,height=177
22,city=Torino
23,surname=Blankenship,age=40,city=Venezia
24,name=David,surname=Horne,height=171,age=47,city=Torino
25,height=157,age=37
26,name=Robert,height=177,city=Rovereto
27,name=Morgan
28,name=Danny,surname=Stewart
29,name=Matthew,age=40
30,name=Lorraine,surname=Holloway,age=41,city=Venezia
31,surname=Blankenship,height=173,age=33,city=Bergamo
32,height=155
33,name=Sonia,city=Milano
34,name=Matthew
35,surname=Hernandez,height=157,age=37,city=Verona
36,name=Matthew,surname=Holloway,age=32,city=Brescia
37,name=David
38,name=Sonia,age=38,city=Rovereto
39,surname=Schmidt,city=Trento
40,name=Matthew,surname=Hinton,height=157,age=39,city=Bologna
41,surname=Blankenship,height=152,age=37
42,name=Lorraine,surname=Holloway
43,name=Robert
44,name=Robert,surname=Stewart,height=155,age=32,city=Venezia
45,name=Barbara,city=Bolzano
46,age=40,city=Brescia
47,age=40,city=Bergamo
48,name=Ashley,surname=Robles,height=195,age=32,city=Venezia
49,age=37,city=Bolzano
50,surname=Hernandez,age=41
51,surname=Robles
52,surname=Stewart,height=173,age=34,city=Brescia
53,surname=White,age=42,city=Trento
54,name=Morgan,surname=Holloway,age=47
55,surname=Stewart,city=Trento
56,age=41
57,name=Barbara,city=Brescia
58,name=Ashley,city=Milano
59,name=Robert
60,surname=Horne,age=33,city=Torino
61,name=Matthew,height=157,age=38
62,name=Danny,surname=Mahoney
63,name=Danny
64,surname=Blankenship,height=155
65,name=Barbara,age=47,city=Torino
66,surname=Blankenship,age=41,city=Trento
67,name=David
68,surname=Blankenship,height=177
69,name=Matthew,surname=Blankenship,age=42,city=Verona
70,name=Ashley,height=183
71,name=Sonia,city=Bergamo
72,name=Lorraine,height=152,city=Bologna
73,name=David,surname=Robles,height=177,age=38,city=Verona
74,name=Morgan,surname=Holloway
75,city=Trento
76,age=41,city=Trento
77,surname=Horne,city=Venezia
78,surname=Robles,city=Venezia
79,name=Lorraine,surname=Blankenship,age=32
80,height=183
81,height=157
82,city=Brescia
83,surname=Schmidt,height=152,age=38
84,name=Ashley,surname=White
85,height=183,age=40
86,name=Morgan,age=34
87,name=Robert,surname=Hinton,height=171
88,name=Danny,city=Brescia
89,name=Morgan,surname=Schmidt,age=40
90,name=Lorraine,surname=Schmidt,height=171,age=41
91,name=Sonia,city=Bologna
92,age=40,city=Bolzano
93,age=34
94,surname=Stewart,height=152,city=Bergamo
95,surname=Horne,city=Rovereto
96,name=Lorraine,surname=Hernandez,height=152,age=34,city=Bolzano
97,age=33,city=Torino
98,name=Robert,height=155,age=32
99,surname=Holloway
100,name=Ashley,surname=Hinton,age=37
101,name=David,city=Venezia
102,surname=Mahoney,height=157
103,name=Sonia,surname=Hinton,height=171,age=47,city=Venezia
104,name=Robert,surname=Holloway,height=173,age=40,city=Trento
105,surname=White,age=47,city=Brescia
106,name=Morgan,surname=Schmidt,age=41
107,name=Lorraine,surname=Mahoney,city=Torino
108,surname=Schmidt,city=Brescia
109,name=Morgan,age=33
110,name=Robert,city=Milano
111,name=Sarah,height=188,age=40
112,name=Danny,height=176,age=40,city=Trento
113,height=152
114,name=Danny,surname=Schmidt,height=173
115,name=Ashley,surname=Stewart,height=173,age=47
116,height=183,age=38
117,name=Matthew,height=176,age=34,city=Rovereto
118,name=Danny,surname=Blankenship,height=152,age=37,city=Bologna
119,name=Morgan
120,name=David
121,age=32
122,name=Sarah,surname=Holloway,height=183,age=34
123,surname=Robles,city=Trento
124,height=176,age=47
125,name=Danny,surname=Schmidt
126,name=Danny,surname=Horne,height=183,age=33,city=Bergamo
127,name=Sonia,city=Bergamo
128,surname=Hernandez,age=38
129,height=176
130,height=155,age=38,city=Bolzano
131,name=Danny
132,name=Robert,surname=White
133,name=Lorraine,surname=Stewart,city=Bolzano
134,age=40,city=Brescia
135,name=Lorraine,age=39,city=Bergamo
136,surname=Hernandez,height=157,age=39,city=Rovereto
137,name=Morgan,surname=Mahoney,height=176,age=32
138,age=32
139,surname=Stewart,city=Venezia
140,city=Rovereto
141,name=Ashley
142,surname=Hernandez,age=37,city=Bolzano
143,surname=Schmidt,city=Bolzano
144,height=183,city=Bolzano
145,age=39,city=Rovereto
146,height=152
147,name=Robert,surname=Blankenship,age=40
148,height=183,age=34,city=Torino
149,name=Morgan,surname=Holloway,height=152
150,name=Lorraine,surname=Blankenship,age=38
151,age=33
152,name=Sonia,age=39
153,age=34,city=Bergamo
154,name=David,height=173
155,surname=Mahoney,height=171,age=47,city=Torino
156,name=Ashley,surname=White,age=37,city=Verona
157,name=Barbara
158,surname=Schmidt
159,age=40,city=Milano
160,surname=Stewart,height=176,age=40,city=Rovereto
161,name=Robert,surname=Mahoney
162,height=155,city=Torino
163,height=152
164,name=Barbara,surname=Stewart,city=Milano
165,name=Sarah,surname=Robles,age=39
166,city=Rovereto
167,name=Matthew,surname=Schmidt,age=38
168,name=David,height=176,age=32
169,surname=Mahoney,height=152,age=37,city=Torino
170,name=Sonia,height=155,city=Rovereto
171,height=152,city=Rovereto
172,surname=Hernandez,city=Venezia
173,name=Barbara,age=47,city=Brescia
174,name=Danny,age=38,city=Rovereto
175,surname=Robles,height=183,age=33,city=Venezia
176,name=Lorraine,surname=Stewart,age=41
177,name=Lorraine,age=32,city=Torino
178,height=155,age=40
179,surname=Robles
180,surname=Mahoney,city=Bolzano
181,surname=Robles,height=152,city=Milano
182,name=Robert,surname=Stewart,city=Bologna
183,name=Morgan,surname=Robles,city=Rovereto
184,name=Barbara,surname=Mahoney,height=157,age=39,city=Venezia
185,surname=Holloway,height=155,city=Trento
186,name=David,surname=Mahoney,age=38,city=Bergamo
187,name=Danny,city=Venezia
188,name=Sarah,surname=Robles,height=177
189,name=Barbara,surname=White,height=188
190,age=42,city=Bologna
191,age=40
192,height=177,age=34,city=Rovereto
193,age=34
194,surname=White,age=42
195,age=41
196,name=Lorraine,surname=Hernandez
197,name=Danny
198,surname=Schmidt,city=Bergamo
199,name=David,age=40,city=Trento
200,name=Robert,surname=Blankenship,age=39,city=Torino
201,name=Ashley,surname=Robles,height=157,age=40
202,name=Morgan,surname=Schmidt,age=40,city=Bolzano
203,surname=Hernandez,age=32,city=Verona
204,name=Barbara,age=32,city=Verona
205,name=Danny,height=171,city=Brescia
206,name=Sonia,surname=Robles,height=177,age=37,city=Rovereto
207,city=Milano
208,name=Barbara,age=38
209,age=32,city=Bologna
210,surname=Schmidt,height=188
211,name=Morgan,surname=Mahoney,height=195,age=34,city=Bolzano
212,name=Lorraine,city=Verona
213,surname=White
214,age=32
215,height=171
216,age=40,city=Bergamo
217,height=173,age=42,city=Bergamo
218,surname=Mahoney
219,name=Danny,surname=Hernandez,age=40,city=Rovereto
220,surname=Mahoney,height=155,city=Bolzano
221,name=Sarah,surname=Stewart,age=38,city=Bergamo
222,height=176,city=Bologna
223,name=Lorraine,height=171,age=33
224,name=Morgan,age=41
225,name=Lorraine,age=47,city=Bolzano
226,surname=Hernandez,age=32,city=Trento
227,name=Sarah,surname=Holloway,height=173
228,name=David,city=Brescia
229,city=Bologna
230,name=Robert,city=Bologna
231,name=Matthew,surname=Hernandez,city=Bolzano
232,height=157
233,surname=Horne,city=Rovereto
234,name=Sonia,surname=Robles,height=183,age=38,city=Venezia
235,name=Danny
236,height=152,age=34
237,name=Barbara,surname=Mahoney,height=171
238,surname=Mahoney,age=32,city=Brescia
239,name=David,city=Bergamo
240,name=Matthew
241,surname=Robles,age=42,city=Brescia
242,height=176,age=41,city=Brescia
243,height=152,age=32
244,name=David,surname=Hernandez
245,name=Sarah,surname=Hernandez,age=34
246,age=37,city=Torino
247,surname=Hernandez,city=Verona
248,name=Sonia,surname=Holloway,height=177,age=41,city=Bolzano
249,height=155,city=Trento
250,surname=Schmidt,city=Milano
251,height=157,age=34,city=Verona
252,height=157,age=39,city=Venezia
253,name=Lorraine
254,name=Ashley,surname=Mahoney,city=Trento
255,name=Robert,surname=Schmidt,city=Torino
256,surname=Holloway
257,surname=Stewart,age=42,city=Bolzano
258,height=173,age=39
259,name=Ashley,age=38
260,name=Lorraine,surname=Hernandez,age=47
261,surname=Stewart,age=33
262,surname=Hernandez
263,name=Sarah,height=155
264,age=47,city=Verona
265,name=Danny,height=188
266,surname=Stewart,age=38,city=Verona
267,city=Rovereto
268,surname=Mahoney
269,surname=Stewart,age=39
270,name=Ashley,height=176,age=34
271,name=Lorraine,surname=Mahoney,height=155,age=47
272,height=157
273,surname=Hernandez
274,city=Milano
275,name=Lorraine,height=177,city=Bolzano
276,name=Sarah,city=Bergamo
277,name=Ashley,height=177,age=41
278,surname=Holloway,age=32
279,age=38,city=Venezia
280,name=Barbara,city=Trento
281,name=Sonia,surname=Mahoney,height=177,city=Verona
282,name=Morgan,surname=Stewart,age=41
283,name=Lorraine,surname=Blankenship,height=152
284,name=Robert,surname=Hinton,height=195,age=37,city=Rovereto
285,name=Sonia,city=Bologna
286,name=Ashley,surname=Horne,city=Trento
287,age=33
288,name=Sarah,surname=Hinton
289,height=152
290,age=33
291,name=Lorraine,surname=Holloway,height=155,age=42,city=Verona
292,name=Lorraine,city=Trento
293,name=Matthew,surname=Schmidt,age=41
294,city=Milano
295,height=157,city=Rovereto
296,name=Lorraine,height=177
297,surname=White,height=155,age=32,city=Bologna
298,age=33,city=Torino
299,name=Sonia,age=32,city=Trento
300,name=Barbara,age=32,city=Milano
301,name=Sonia,height=188,age=32,city=Bologna
302,age=42
303,surname=Mahoney,age=34
304,name=David,surname=Stewart,age=40,city=Bolzano
305,city=Trento
306,city=Trento
307,name=Barbara
308,age=38,city=Milano
309,height=157,age=39
310,surname=Stewart
311,name=Lorraine
312,height=152,age=40
313,surname=Hernandez,age=42
314,name=Lorraine,surname=Schmidt,age=42,city=Rovereto
315,name=Sarah,surname=White,age=41
316,name=Matthew,age=38,city=Verona
317,surname=Holloway,city=Verona
318,name=Robert,height=177,age=37,city=Venezia
319,city=Bergamo
320,name=Matthew,surname=Blankenship,city=Milano
321,name=Danny,surname=Holloway,height=155,age=42,city=Bergamo
322,name=Sonia,age=40,city=Torino
323,surname=Horne
324,surname=Blankenship,height=152,age=42
325,name=Robert,surname=Hinton,age=33
326,surname=Horne,age=40
327,surname=Schmidt,height=157,age=41
328,name=Ashley,surname=Hinton,height=195,age=38,city=Bergamo
329,height=195,age=37
330,city=Verona
331,name=Danny,surname=Robles,height=152,age=41,city=Venezia
332,city=Torino
333,name=David,surname=Stewart
334,name=Robert,age=37
335,name=Sonia
336,surname=Blankenship,city=Rovereto
337,age=39
338,name=Sonia,surname=Hinton
339,name=Sarah,surname=Holloway,height=183,age=41,city=Milano
340,height=177,city=Bologna
341,surname=Horne,height=171
342,name=Matthew,surname=White,height=188,city=Rovereto
343,name=Danny,surname=Hernandez,age=37
344,height=183,age=40
345,age=47,city=Bolzano
346,name=Sonia,age=34,city=Bolzano
347,surname=Stewart,city=Bolzano
348,name=Sonia,age=47
349,name=Sarah,age=40
350,name=Sarah,surname=Horne
351,name=Barbara,surname=Schmidt
352,city=Bolzano
353,name=David,city=Bergamo
354,name=David,height=157,city=Venezia
355,age=37
356,name=David,height=188,age=47
357,name=Sonia,age=41,city=Brescia
358,name=David
359,name=Lorraine,age=47
360,name=Lorraine,city=Bologna
361,surname=Hernandez,city=Trento
362,name=Robert,surname=White,height=157,age=47,city=Bologna
363,surname=Hernandez,age=33,city=Milano
364,surname=Hernandez,age=39
365,name=Sonia,age=40
366,name=Lorraine
367,surname=White,city=Bergamo
368,height=152,age=42
369,age=47
370,name=Ashley,age=40,city=Brescia
371,name=Sonia,surname=Stewart,height=155,city=Bologna
372,surname=Blankenship,age=42
373,height=176,age=47,city=Torino
374,name=Ashley,city=Milano
375,name=Ashley,surname=Robles,age=39
376,name=Danny,height=195,age=38,city=Brescia
377,name=Matthew,age=40
378,surname=Mahoney,age=47,city=Bergamo
379,name=Barbara,height=157,age=47,city=Brescia
380,height=188,city=Bolzano
381,height=176,age=33,city=Bergamo
382,surname=Holloway,height=188,age=39
383,name=Lorraine,city=Rovereto
384,age=33
385,name=Sonia,surname=Mahoney,height=195,age=39,city=Rovereto
386,name=Matthew,surname=Stewart,height=152,age=38,city=Verona
387,height=195,city=Rovereto
388,name=Barbara,height=155,age=32
389,surname=Hernandez,age=37,city=Bologna
390,name=Sonia,height=177
391,name=Danny,surname=White,height=177,city=Rovereto
392,surname=White,age=33,city=Trento
393,name=Morgan,surname=White
394,surname=Blankenship,height=152
395,name=Danny,surname=Mahoney,height=152,age=33,city=Rovereto
396,name=Matthew,city=Torino
397,name=Sarah
398,name=Robert
399,height=155
